ratings,titles,comments
5,Lแบงn sau ฤแปก phแบฃi mua รกo UNI,"ฤรฃ nhแบญn ฤc hรng cแปงa SHOP, Hรng giao nhanh ฤรณng hรng cแบฉn thแบญn. 
Mรฌnh thฦฐแปng xuyรชn mua รกo UNI bรชn Thรกi Lan. รo cแปงa shop mรฌnh khรก ฦฐng, thแบฟ lร cรณ 1 nฦกi tin cแบญy ฤแป mua รกo . 
Tuyแปt vแปi nแปฏa lร ฤแบทt nhแบงm 2 chiแบฟc cรนng mรu lแบกi lแบกi shop ฤแปi cho mรu khรกc ( chat support may quรก nhร bแบกn แบฅy gแบงn nhร mรฌnh)"
5,รo gรฌ ฤรขu mร mแบทc nhฦฐ khรดng mแบทc,"Trฦฐแปc giแป em mua รกo toรn ra tiแปm ฦฐแปm xem cรกi nรo vแปซa khรดng thรฌ mแปi mua. Mร lแบงn nรy ฤแบทt mua luรดn 2 chiแบฟc vร giao ngay cho nรณng. ฤแบทt luรดn giao luรดn nhแบญn luรดn qua tikinow xong bรณc mแบทc luรดn. รo nhแบน thแบญt, sแป thรญch thแบญt, sang,xแปn mแปn, mร mแบทc xong thแบฅy kiแปu nhฦฐ ko mแบทc vรฌ mแปm nhแบน. Em ฤรฃ nรฉm 1 cรกi ฤen vรo mรกy giแบทt vร cรกi trแบฏng giแบทt tay ฤแป xem cรณ bแป xรน vแบฃi ko thรฌ vแบซn thแบฅy mฦฐแปฃt nhฦฐ thฦฐแปng. Nhฦฐng ban ฤแบงu thแบฅy mแปm mแปn mฦฐแปฃt lร thรญch rแปi."
5,Cแปฑc kรฌ hรi lรฒng,"Nhแบญn ฤc mแบฅy hรดm rแปi sรกng nay m1 mแบทc thแปญ ฤi lรm mแปi cแบฃm nhแบญn รกo.Chแบฅt mแบทc ngon lแบฏm cรกc cแปฅ แบก+1,form รกo mแบทc thoแบฃi mรกi+1,giao hรng tแปt+1 ฤรณng gรณi cแบฉn thแบญn+1.ae shop tฦฐ vแบฅn nhiแปt tรฌnh+1.cรณ khi phแบฃi hแปc tแบญp a mแบฏc zu ken bรฉc mua luรดn chแปฅc cรกi mแบทc quanh nฤm ฤแปก phแบฃi nghฤฉ mแบทc gรฌ thรดi.kk.ร nhฦฐng shop cรณ thรชm รกo xรกm thรฌ tแปt"
5,Cแปฑc kรฌ hรi lรฒng,Mรฌnh cลฉng hay mua รกo thun ฤแป mแบทc thฦฐแปng xuyรชn. Nhฦฐng vแปi tแบงm giรก nรy thรฌ chแบฅt lฦฐแปฃng ko thแป chรช gรฌ ฤฦฐแปฃc. ฤฦฐแปng may kแปน vร cแบฉn thแบญn. Vแบฃi thรฌ mแปm vร cแบฃm giรกc sแบฝ thแบฅm hรบt mแป hรดi cแปฑc tแปt vร thoรกng. Cแปฉ nhฦฐ nรy thรฌ dฤm bแปฏa รกo trแบฏng mรฌnh giแปฏ ko dc lรขu thรฌ mua mแปi vแบซn cรฒn rแบป chรกn.
5,Sแบฃn phแบฉm chแบฅt lฦฐแปฃng rแบฅt tแปt,"Chแบฅt liแปu vแบฃi nรy tฦฐฦกng ฤฦฐฦกng vแปi รกo 199K mรฌnh ฤรฃ tแปซng mua แป cรกc Trung Tรขm Thฦฐฦกng Mแบกi, thแบญm chรญ vแป kiแปu dรกng vร ฤแป thoแบฃi mรกi thรฌ รกo Japas cรณ phแบงn nhแปnh hฦกn. Shop Giao hรng nhanh, ฤแบทt tแปi hรดm trฦฐแปc hรดm sau ฤรฃ nhแบญn ฤฦฐแปฃc hรng. Sแบฝ แปฆng hแป thรชm vรi cรกi nแปฏa mแบทc thay ฤแปi!"
5,Cแปฑc kรฌ hรi lรฒng,"Cแบฃm ฦกn shop vรฌ ฤรฃ giรบp mรฌnh tรฌm ra chรขn รกi รกo phรดng cแปงa mรฌnh vร ny mรฌnh. Tแปซ cรกch ฤรณng hรng cแบฉn thแบญn vร chแบฅt lฦฐแปฃng sแบฃn phแบฉm tแบฅt cแบฃ mรฌnh ฤแปu rแบฅt ฦฐng รฝ vร ฤแบทc biแปt any rแบฅt rแบฅt thรญch vแปi mรณn quร nรy ^^ Vรฌ tรฌm kiแบฟm chiแบฟc รกo phรดng mรกt, thแบฅm hรบt tแปt,bแปn mรu bao lรขu nay."
5,Cแปฑc kรฌ hรi lรฒng,"ฤรกng lรฉ giรก phแบฃi lร 199k chแปฉ cแปฉ ko nรชn lร 99k vรฌ Chแบฅt vแบฃi nรy quรก vฦฐแปฃt trแปi. Mua 99k thรฌ hแปi quรก
Cรดng nghแป Nhแบญt bแบฃn nรชn mแบทt rแบฅt mรกt, vแบฃi ko quรก mแปng, ko quรก dรy nรชn mแบทc rแบฅt thรญch. 
Sแบฃn phแบฉm mแปi 100% ฤรบng size, mรฌnh thรญch mรu ฤen nรชn nhรฌn lรm ฦฐng. 
Simple is the Bรฉt."
5,Cฦฐฬฃc kyฬ haฬi loฬng,Lร ฤรn รดng miฬnh cลฉng รญt chฤm chรบc cho viแปc ฤn mแบทc. Cแปฉ kiแบฟm ฤแป nรo mแบทc thoแบฃi mรกi vร mรกt mแบป lร ฤฦฐแปฃc. Nay ฤฦฐแปฃc bแบกn giแปi thiแปu shop nรy. Mua vแป mแบทc rแบฅt mรกt. Ngang vแปi quแบงn รกo mรฌnh mua trong แป trung tรขm thฦฐฦกng mแบกi. Mร giรก lแบกi chแป bแบฑng 1/5. Tรณm lแบกi lร hรi lรฒng. ฤรกnh giรก ฤแป lฦฐu lแบกi lแบงn sau mua tiแบฟp.
5,Cแปฑc kรฌ hรi lรฒng,"Mรฌnh nhแบญn ฤฦฐแปฃc hรng rแปi nhรฉ shop. Chแปng mรฌnh lร ngฦฐแปi khรก kแปน tรญnh trong quแบงn รกo mร cรฒn khen. Lรบc giแบทt vแบฃi cรฒn mแปm hฦกn vร rแบฅt thoรกng, ฤแป dรy vแปซa phแบฃi, khรดng cแบฃm giรกc bแป bรญ bรกch. Mรฌnh thแบฅy ฤแป thแบฅm hรบt cแปงa รกo khรก tแปt. Nแบฟu รกo cรณ thรชm cรกc mรu khรกc hoแบทc thรชm hรฌnh in nแปฏa thรฌ tuyแปt vแปi hฦกn nhรฉ"
5,Cแปฑc kรฌ hรi lรฒng,"mแบทc rแบฅt thรญch nha mแปi ngฦฐแปi, mรฌnh 1m75 70kg, trฦฐแปc giแป thรญch mแบทc form รกo kiแปu rแปng rรฃi 1 chรบt chแปฉ ko thรญch kiแปu fit vรo ngฦฐแปi. Trฦฐแปc cรณ mua รกo cแปงa coolmate thรฌ size to nhแบฅt cแปงa bรชn ฤรณ mแบทc cลฉng vแปซa vแบทn thรดi chแปฉ ko rแปng rรฃi, cรฒn รกo nรy mรฌnh mแบทc size XXL khรก ฦฐng!"
5,Cแปฑc kรฌ hรi lรฒng,"รกo ฤแบนp, vแบฃi thun mแปm, dแป chแปu, nam cao 1m75 thรฌ nรชn mua size XL nha mแบฅy รดng, form รกo mแบทc bao ฤแบนp( ฤแปซng mua size nhแป rแปi chรช mแบฅy รดng nha๐คฃ) tui mua lแบงn 2 rแปi๐ค lรชn ฤแป ฤi chฦกi hay mแบทc แป nhร ฤแปu ok tแบฅt mแบฅy รดng แบก! nรชn mua nรชn mua ๐ต"
4,รกo ฤแบนp,chแบฅt vแบฃi rแบฅt ฤแบนp vร mรกt. t ฤรกnh giรก cao chแบฅt lฦฐแปฃng vแบฃi cแปงa รกo nhฦฐng vแป mแบทt gia cรดng thรฌ khรก tแป nhแปฏng ฤฦฐแปng chแป may แป phแบงn cแป รกo bแป may hฦกi sรญt lแบกi tแบกo cแบฃm giรกc rแบฅt khรณ chแปu. cลฉng may lร chแป cรณ mแปt chiแบฟc bแป vแบญy. ฤรnh cho 4 sao
5,Cแปฑc kรฌ hรi lรฒng,coฬ 1 caฬi lรดฬi chiฬ. Nhiฬn chung laฬ chรขฬt lฦฐฦกฬฃng tรดฬt. 1 caฬi miฬnh mua ฦกฬ coopmart giaฬ cuฬng hฦกn 100k rรดฬi maฬ chรขฬt lฦฐฦกฬฃng cuฬng nhฦฐ vรขฬฃy ^^. 3 caฬi 100k nรชn ko coฬ phaฬn naฬn giฬ @@
5,Cแปฑc kรฌ hรi lรฒng,"Cแปฑc kรฌ hรi lรฒng vแปi chแบฅt lฦฐแปฃng/giรก thรnh cแปงa sแบฃn phแบฉm, chแบฅt lฦฐแปฃng vแบฃi nhรฌn chung khรก แปn, ฤแป hoรn thiแปn, ฤฦฐแปng may แป mแปฉc tแปt, mรฌnh cao 1m8 chแปn size 2xl mแบทc rแบฅt vแปซa vแบทn"
5,Cแปฑc kรฌ hรi lรฒng,"Rแบฅt hรi lรฒng vแป Sแบฃn phแบฉm.Chแบฅt vแบฃi rแบฅt mแปn vร dรy shop gรณi hรng rแบฅt cแบฉn thแบญn.
Shipper nhiแปt tรฌnh .
Cแบฃm ฦกn shop vร shipper nhiแปu."
3,Bรฌnh thฦฐแปng,"-chแบฅt lฦฐฦกng รกo tแปt, nhฦฐng 1 chiแบฟc รกo khรดng ฤรบng size
-mรฌnh ฤแปi hรng thรฌ shipper nhแบญn hรng chแปฅp แบฃnh mรฌnh, mรฌnh cรณ hแปi nhฦฐng bแบกn แบฅy tแป ra khรดng quan tรขm, mong tiki xem lแบกi"
2,khรดng nhฦฐ quแบฃng cรกo,"cao 1,62 nแบทng 59k mร mแบทc size L ko vแปซa. chแบฅt liแปu vแบฃi cแปฉng, mแบทc vรo sแบฝ rแบฅt nแปng. thua cแบฃ mแบฅy cรกi รกo แป hแปi chแปฃ 100k/3 cรกi. Kinh nghiแปm lร ko nรชn mua ฤแป quแบงn รกo online."
3,Bรฌnh thฦฐแปng,minh ฤang  แป  ct ben giao hรng  gแปi  nhung mแปnh bแบฃo  chieu 2 h giao sao. lai ko chiu vay ah buoc minh phai nhแป  ng khรกc lay dรนm  hi vong sau nay co the trฦฐแปc khi giao hang phai bao truoc ฤe sap xep ah
3,Bรฌnh thฦฐแปng,vแปi giรก tiแปn thรฌ ok. nhฦฐng thแบญt lรฒng lร รกo nรy chแป mแบทc mรนa ฤรดng thรดi. mรนa hรจ khรดng hแปฃp vรฌ vแบฃi thรด rรกp ngแปฉa ngรกy. mua mรนa ฤรดng thรฌ ฤฦฐแปฃc.
2,Khรดng hรi lรฒng,"รo ghi size 3XL nhฦฐng form rแบฅt nhแป, thun รญt co giรฃn. mรฌnh mua theo sแป kg trรชn trang hฦฐแปng dแบซn nhฦฐng cuแปi cรนng mแบทc ko vแปซa. hฦกi thแบฅt vแปng."
4,Hรi lรฒng,"shop ฦกi, mรฌnh muแปn ฤแปi size L thรnh size XL ฤc ko แบก? tแบกi mรฌnh mแบทc ko vแปซa size L, vแปi lแบกi mรฌnh nhแบงm mรu nรขu ฤแบฅt vแปi mรu cam nรชn h mรฌnh muแปn ฤแปi lแบกi thรnh รกo size XL mรu cam nha shop. shop cho ฤแปa chแป shop nแบฟu tiแปn ฤฦฐแปng thรฌ mรฌnh mang qua ฤแปi luรดn แบก, รกo mรฌnh chฦฐa bรณc nhรฃn mรกc vร chฦฐa rแบกch lแป khuy รกo ฤรขu, cแบฃm ฦกn shop."
2,nhแบญn xรฉt chรขn thแบญt dแป mรญt lแปng :)),"รกo bung chแป + chแป thแปซa (ngแปi lแบฅy kรฉo cแบฏt hแบฟt chแบฏc cแปงng tแบงm 40p)
bแบกn nรo ฤรฃ vร ฤang chuแบฉn bแป ฤแบทt thรฌ chuแบฉn bแป tiแปn vแป ฤแบกp thรชm mแบฅy ฤฦฐแปng chแป luรดn ( ร gรณp vui thรชm lร cรณ vรi chแป chรจn chแป mรu cam rแบฅt sinh ฤแปng,chแบฏc lร do hแบฟt chแป...)
Tiki cรณ liรชn hแป mรฌnh xin lแปi vร cho mรฃ giแบฃm giรก ฤแบทt hรng cho lแบงn sau nhฦฐng LรM ฦN !!
khรกch hรng thรขn thiแบฟt cรฒn lรm ฤn vแบญy thรฌ nhแปฏng ngฦฐแปi mแปi mua bแป ngแปก xong phรช phรกn ฤแป trรชn mแบกng rแปi sao ?
1 ngรn cแปงng lร tiแปn mร ?
mรฌnh qua Shoppee rแปi mรฌnh khรดng ฤi cรนng Tiki nแปฏa, xin chรo vร tแบกm biแปt แบก !!"
4,Sแบฃn Phแบฉm Tแบกm ฤฦฐแปฃc,"Mรฌnh ฤรฃ nhแบญn sแบฃn phแบฉm, Size รกo vร kรญch cแปก cho ngฦฐแปi mแบทt khรดng giแปng nhฦฐ mรด tแบฃ cแปงa Shop, mรฌnh ฤแบทt mรu xanh rรชu giแปng trong hรฌnh nhรฌn rแบฅt tฦฐฦกi nhฦฐng khi nhแบญn ฤฦฐแปฃc lร mรu xanh nhฦฐng khรดng ฤแบนp nhฦฐ hรฌnh nhรฌn rแบฅt giร. Minh ฤรฃ ฤแป nghแป ฤแปi trแบฃ, hy vแปng bรชn Shop sแบฝ ฤแปi trแบฃ cho mรฌnh sแบฃn phแบฉm mแปi. Mแปt ฤiแปu nแปฏa hรng ฤi quรก chแบญm gแบงn mแปt tuแบงn mแปi nhแบญn ฤฦฐแปฃc hรng."
2,Khรดng hรi lรฒng,"mรฌnh ฤแบทt mรu nรขu ฤแบฅt mร shop giao mรu cam. tแปซ lรบc ฤแบทt hรng mรฌnh khรดng thแบฅy giao diแปn hiแปn ra mรu rรต rรng. giao diแปn chแป cรณ 6 mรu, ฤรขy rรต rรng lร mรu cam,mรฌnh muแปn xin ฤแปa chแป ฤแป ฤแบฟn xin ฤแปi lแบกi mรu hoแบทc lร cho mรฌnh thรดng tin ฤแปi trแบฃ."
5,Cแปฑc kรฌ hรi lรฒng,"Cรบc รกo lแปng lแบปo, tแบกo tiแบฟng kรชu leng keng, cแบงn khแบฏc phแปฅc. Cรฒn lแบกi chแบฅt vแบฃi phรน hแปฃp vแปi giรก, ฤฦฐแปng may cแบฉn thแบญn. ฤแบทc biแปt รกo ฤฦฐแปฃc bแบฃo quแบฃn rแบฅt kแปน cรng cรณ cแบฃ mรนi hฦฐฦกng nฦฐแปc hoa rแบฅt thฦกm. Tiki ฤรณng gรณi giao hรng rแบฅt nhanh."
3,Bรฌnh thฦฐแปng,"nhแป bแบกn mua bรชn ngoรi 169 k, shop bรกn rแบป hฦกn nhฦฐng mua thรฌ ...รกo nhรฌn bแป ngoรi thรฌ ok, nhฦฐng ฤฦฐแปng may thรฌ quรก dแป, chแป bung nhiแปu gแบงn cรกnh tay, chแป thแปซa cรฒn nhiแปu, may khรดng chแบฏc chแบฏn,nรณi chung nแบฟu รกo ฤฦฐแปฃc may kฤฉ thรฌ chแบฅt lฦฐแปฃng 5 sao"
5,Cแปฑc kรฌ hรi lรฒng,"Dear Shop Tiki.
Mรฌnh cรณ ฤแบทt mua 1 รกo khoแบฏc size M.
Hiแปn tแบกi khรดng vแปซa mรฌnh cรณ chรญnh sรกch ฤแปi size khรดng shop.
Mรฌnh muแปn ฤแปi size M->L
phรญ ship mรฌnh chแปu nha shop thanks.
Mong nhแบญn phแบฃn hแปi tแปซ shop.
Hแบฃi.0981970910"
1,Giao sai mรu รกo,"Mรฌnh ฤแบทt mua รกo mรu nรขu ฤแบฅt, shop giao mรu cam
Shop liรชn hแป ฤแปi lแบกi giรบp mรฌnh
Vแปi lแบกi mรฌnh ฤแบทt size L nhฦฐng rแปng, mรฌnh muแปn ฤแปi qua size M ฤฦฐแปฃc khรดng (mรu nรขu ฤแบฅt nhฦฐ mรฌnh ฤรฃ ฤแบทt)"
1,Rแบฅt khรดng hรi lรฒng,"รกo dรนng khoแบฃng 2-3 ngรy, cรณ hiแปn tฦฐแปฃng bung chแป, chแบฅt lฦฐแปฃng may vรก khรก kรฉm. Tรดi rแบฅt bแปฑc mรฌnh vรฌ ฤiแปu ฤรณ, ngฦฐแปi ta ฤรฃ bแป tiแปn ra mua mแบทc dรน ko cแบงn ฤแบนp cลฉng khรดng sao, ฤแบฑng nรy chแบฅt lฦฐแปฃng chแป may rแบฅt kรฉm"
2,Khรดng hรi lรฒng,"Tiki giao hรng khรดng ฤรบng mรu ฤรฃ ฤแบทt.
ฤแบทt hรng mรu nรขu ฤแบฅt nhฦฐng lแบกi nhแบญn ฤฦฐแปฃc nhฦฐ hรฌnh chแปฅp.
ฤแป nghแป ฤฦฐแปฃc Tiki kiแปm tra vร hแป trแปฃ ฤแปi lแบกi ฤรบng mรu vร size ฤรฃ ฤแบทt (nรขu ฤแบฅt, size XL)"
4,Tแบงm tiแปn nรy cลฉng khรก แปn,"รo mแปng cรณ thแป nhรฌn xuyรชn qua ฤc, tay รกo ko dรi nhฦฐ hรฌnh cho lแบฏm khoแบฃng hฦกn 1 gang tay, ฤฦฐแปng chแป may tuy ko ฤแบนp nhฦฐng ko cรณ chแป nรo bung chแป hay dฦฐ chแป, vแป hแปa tiแบฟt in trรชn รกo thรฌ chแบฅt liแปu cรณ vแบป ko ngon sแป khรก lร sแบงn rแบฅt dแป bรดng chแปc nรชn nแบฟu giแบทt thรฌ giแบทt nhแบน nhรng giแบทt tay ko giแบทt mรกy. Nรชn giรก rแบป thรฌ ko thแป ฤรฒi hแปi nhiแปu ฤc."
4,size m mแบทc max ฤแบนp nhฦฐng cรณ ฤiแปu lร in hรฌnh ko ฤฦฐแปฃc tแปt lแบฏm nแบฟu chแบฅm cรกi hรฌnh รกo tรดi chแบฅm 9/10 vรฌ hรฌnh in ko sแบฏc nรฉt,"รกo ฤแบนp 10/10
in hรฌnh mแบทt trฦฐแปc 9/10
in hรฌnh mแบทt sau 85%/100%
chแบฅm 8/10"
1,Rแบฅt khรดng hรi lรฒng,"ฤแบทt size XL nhฦฐng gแปญi size L thรฌ mแบทc kiแปu gรฌ ฤรขy? Cแป รกo may lแปi, bแป co. Khรดng bรn ฤแบฟn chแบฅt lฦฐแปฃng vแบฃi vร in hรฌnh vรฌ tiแปn nรo cแปงa nแบฅy rแปi."
2,Vแบฃi vร mแปฑc in rแบฅt tรช.,Vแบฃi vร mแปฑc in rแบฅt tแป. Nhรฌn loan lแป nhฦฐ ฤแป cลฉ ฤรฃ ฤแป tแปn kho rแบฅt lรขu. Mua vแป khรดng dรกm mแบทc ra ฤฦฐแปng
1,"ฤฦฐแปng may tแป, vแบฃi xแบฅu, sฦกn in thรฌ dแปm","Nแบฟu tรญnh thรฌ ฤรบng lร ฤรบng giรก 77k, tiแปn nรo cแปงa ฤรณ, nhฦฐng nรณ thแบญt sแปฑ tแป hฦกn chลฉ tแป, khuyแบฟn cรกo khรดng nรชn mua, lแปซa ฤแบฃo"
3,Bรฌnh thฦฐแปng,"Hinh minh hแปa in chim hแบกc nhฦฐng รกo gแปญi vแป lแบกi in mแบทt quแปท, nhฦฐng trรดng cลฉng ฤฦฐแปฃc, chแบฅt lฦฐแปฃng bรฌnh thฦฐแปng"
1,Rแบฅt khรดng hรi lรฒng,"Chแบฅt lฦฐฦกng in khรดng tแปt, khรดng hรi lรฒng vแป sแบฃn phแบฉm, vแบฃi mแบทc nรณng"
3,Bรฌnh thฦฐแปng,"Vแบฃi hฦกi cแปฉng vร mแปng mแบทc chแบฏc mรกt nhung sแบฝ ko ฤแบนp. Vรฌ tiรจn nรo cแปงa nแบฅy mร!hi!hรng y hรฌnh. May ko khรฉo lแบฏm,รกo hฦกi bแป dแบฃnh. Cho 4 sao"
3,Bรฌnh thฦฐแปng,Vแบฃi cลฉng ok mแบทt cลฉng rแบฅt mรกt khรดng gรขy khรณ chแปu cรณ mแบฅy cรกi hรฌnh in k ฤฦฐแปฃc tแปt mแบฅy dungf gแบงn 20 ngรy rแปi nรญ bung mแบฅt nแปฏa con hแบกt r
3,รกo khรดng giแปng hรฌnh,"ฤฦฐแปng sฦกn xแบฅu 
vแบฃi sแป cรกi biแบฟt ngay cho รกo rแบป tiแปn phแป thรดng
cรณ thแป size XL nรชn hรฌnh nhแป ฤi nhฦฐng thแบฟ nรy thรฌ nhแป quรก แบก :)"
5,sแบฃn phแบฉm แปm trong tแบงm giรก,"Nhฦฐ tiรชu ฤแป thรฌ mรฌnh thแบฅy sแบฃn phแบฉm rแบฅt แปn trong tแบงm giรก. 
ฤแบงu tiรชn vแป chแบฅt liแปu รกo: chแบฅt liแปu ฤรบng lร thun, rแบฅt co gian nhฦฐng nรณ k cรณ dรy. mแบทc trong nhแปฏng trแปi mรนa hรจ rแบฅt แปn.
mรu sแบฏc: mรฌnh ฤแบทt รกo mรu vรng vร ฤc gia ฤรบng nhฦฐ hรฌnh.
vแป chiแปu dรi cแปงa tร รกo vร tay รกo: mรฌnh ฤรกnh giรก nรณ hฦกi ngแบฏn, k ฤฦฐแปฃc dรi nhฦฐ trong hรฌnh lแบฏm
vรฌ ฤฦฐแปng chแป: ฤฦฐแปng may bรชn ngoรi ฤแบนp, k dฦฐ chแป thแปซa. bรชn trong thรฌ vแบซn cรณ
chแบฅt lฦฐแปฃng hรฌnh in thรฌ mรฌnh nghฤฉ nรณ k thแบญt sแปฑ tแปt. cรณ thแป phai nhanh nแบฟu k giแบทt tแปt, mn nรชn chรบ รฝ
vร cuแปi cรนng lร hรฌnh thแปฉc giao hรng thรฌ rแบฅt nhanh. ฤแบทt trong ฤรชm hรดm trc vร sรกng hรดm sau mรฌnh ฤรฃ cรณ hรng r. tiki giao nhanh ghรช"
1,Shop check lแบกi ฤฦกn ฤแบทt รกo giรบp,"รo shop giao khรดng cรณ chแปฏ tiแบฟng Nhแบญt แป mแบทt trฦฐแปc รกo nhฦฐ แบฃnh รกo shop ฤฤng. รo freesize nhฦฐng rแบฅt ngแบฏn, mแบทc ko vแปซa.
Shop vui lรฒng check lแบกi ฤฦกn รกo nรy (Mรฃ ฤฦกn: 627180291) mรฌnh muแปn ฤฦฐแปฃc ฤแปi รกo ฤรบng nhฦฐ trong hรฌnh shop ฤฤng!!!"
4,Hรi lรฒng,"Rแปng , thoรกng, TIKI giao hรng ฤรบng hแบนn, ฤรบng cแปก, ฤรบng mรu, rแบฅt vแปซa รฝ khรดng nhฦฐ anh chรng LรZDA nhแบญn ฤแบทt hรng mแปt ฤรng gแปญi hรng mแปt kiแปu ฤแบทt mua com bo 3 รกo size XL gแปญi cho 4 cรกi size MIN
Chแบญt khรดng chui ฤฦฐแปฃc ฤแบงu vรo, ฤรnh vแปฉt bแป tiแบฟc cแบฃ cรดng lแบซn tiแปn. Cแบกch thแบฑng LAZADA tแปซ rรy chแปซa mua hรng thแบฑng nรy. Thแบฟ..."
1,Khรดng hรi lรฒng,"รo แป trong shop ฤฤng mแบทt trฦฐแปc cรณ chแปฏ, lรบc nhแบญn hรng vแป mแป ra xem thรฌ mแบทt trฦฐแปc khรดng cรณ chแปฏ nhฦฐ hรฌnh shop ฤฤng, mแบทt sau thรฌ bแป trรณc, bแบฉn, ฤen
Tรดi muแปn ฤฦฐแปฃc ฤแปi lแบกi รกo ฤรบng nhฦฐ hรฌnh shop ฤรฃ ฤฤng."
2,Khรดng hรi lรฒng,"Giao hรng tiki nhiแปt tรฌnh, nhฦฐng sแบฃn phแบฉm cรณ nhiแปu lแปi mong Tiki sแปm giแบฃi quyแบฟt ฤแป mรฌnh vร cรกc khรกch hรng cรณ nhแปฏng sแบฃn phแบฉm chแบฅt lฦฐแปฃng hฦกn."
5,"ฤแบนp vแปi giรก tiแปn, hรฌnh khรดng bแป bong","Vแปi giรก tiแปn nhฦฐ nรy thรฌ รกo quรก oke rแปi, hรฌnh in cute, giแบทt mรกy giแบทt thoแบฃi mรกi khรดng bแป bong trรณc hay dรญnh hรฌnh. Mรฌnh mua 2 chiแบฟc, khรก lร ฦฐng. ร mรฌnh lร nแปฏ nhฦฐng thรญch mแบทc รกo thun nam vรฌ thแบฅy thoแบฃi mรกi hฦกn hehe."
4,rแบฅt tuyแปt khรดg ฤแบฟn nแปi nรo,"lแบป ra lร 5 sao rแปi ฤรณ mร thiแบฟu chแปญ,khรดg sao mแบทc cแปงng ฤแบนp vแปซa,tiki lรm tรดi rแบฅt hรi lรฒng vแป sแบฃn phแบฉm do thiแบฟu chแปญ trรชn รกo nรชn chแป ฤฦฐแปฃc 4 sao thรดi nha,rรกn mร khแบฏc phแปฅc nha,sแบฃn phแบฉm ฤรกng mua"
4,Hรi lรฒng,Em bแบญn nรชn cuแปi ngรy mแปi check hรng ฤฦฐแปฃc vร thแบฅy รกo khรดng cรณ chแปฏ แป mแบทt trฦฐแปc. Vร em sแบฝ cho 5* nแบฟu ฤแปi hรng thรnh cรดng :3
1,Khรดng hรi lรฒng,"รo khรดng in chแปฏ phรญa trฦฐแปc, tay รกo ngแบฏn, mแบทc khรดng vแปซa. Shop vui lรฒng check lแบกi ฤฦกn รกo nรy (Mรฃ ฤฦกn: 742508972 ) mรฌnh muแปn ฤฦฐแปฃc ฤแปi รกo ฤรบng nhฦฐ trong hรฌnh shop ฤฤng!!!"
1,Rแบฅt khรดng hรi lรฒng,"cแบฃ 3 sแบฃn phแบฉm mรฌnh nhแบญn ฤฦฐแปฃc ฤแปu ko cรณ chแปฏ in phรญa trฦฐแปc, mong tiki gแปญi lแบกi ฤรบng hรng cho mรฌnh"
5,Rแบฅt ok giรก nรy. thanks shop vร tiki yรชu quรฝ.!,"ฤรกng ฤแปng tiแปn bแบฏt gแบกo ae lรm ฤรดi bแป chฦกi chฦกi. ฤฦฐแปng may giแปng nhฦฐ ฤiรชu thuyแปn lun รก.! k biแบฟt xuแปng mรu nhah k, nhฦฐ vแบญy so sรกnh ra chแปฃ cรฒn khรณ chแบฃ giรก. 79k lแบฑ ss tuyแปt vแปi. cho 5 sao chแป แป nhร nhแบฅn nรบt lร cรณ รกo mแบทc. hihi!"
4,Hรi lรฒng,"Nhแป cรณ Tiki Now nรชn sแบฃn phแบฉm giao rแบฅt nhanh.  Vแบฃi ok, mรu sแบฏc ฤa dแบกng. Mรฌnh mua mแบฅy mรu dแป mแบทc nhแบฅt cho chแปng. Hy vแปng ko dรฃn nhanh vร loang mรu.
Tuy nhiรชn, ko hรi lรฒng แป chแป: 4 cรกi รกo bแป gรณi trong 1 cรกi hแปp nhแป. Mแป ra thแบฅy รกo bแป cuแปn cong, kiแปu cแป nhรฉt cho vแปซa cรกi hแปp =.="
5,Cแปฑc kรฌ hรi lรฒng,"รo cรฒn rแบฅt mแปi, khรดng bแป nhฤn, ฤแป co giรฃn vแปซa phแบฃi, vแบซn cรณ chแป thแปซa nhฦฐng vแป tแปng thแป thรฌ rแบฅt hรi lรฒng vแปi sแบฃn phแบฉm cแปงa 5s. Tiki giao hรng nhanh hฦกn dแปฑ kiแบฟn. 5* cho cแบฃ hai"
5,ฤฦฐแปฃc,"รo nรy mแบทc ฤฦฐแปฃc ฤแบฅy ae
Mแปt hรจ lรm 5 7 cรกi mแบทc hแบฟt hรจ, nฤm sau lรm mแบป mแปi :)))

Tuy nhiรชn lร bรฉo bแปฅng thรฌ khรดng nรชn mua nhรฉ
Mua vแป lร phแบฃi ฤi tแบญp gym 2-3 thรกng, mแปi mแบทc ฤฦฐแปฃc ฤแบฅy :)))))"
5,Cแปฑc kรฌ hรi lรฒng,"Vแบฃi mแปm mแปn chแบฅt lฦฐแปฃng, ฤรณng gรณi cแบฉn thแบญn, giรก rแบป lรm quร tแบทng rแบฅt lแปch sแปฑ"
5,Cแปฑc kรฌ hรi lรฒng,"รo rแบฅt ฤแบนp,thoรกng mรกi ,๐๐
Giao hรng nhanh,sแบฃn phแบฉm lแบกi ok nแปฏa chแปฉ,mแบทc rแบฅt thรญch vs mรกt mแบป ,quรก OK sแบฝ mua thรชm ฤแป mแบทc mรนa hรจ"
5,Cแปฑc kรฌ hรi lรฒng,"Sแบฃn phแบฉm bao bรฌ ฤแบนp ,รกo mแบทc vรo rแบฅt mรกt mแบป,quรก thรญch luรดn,chแบฅt liแปu co giรฃn ๐๐like cho sแบฃn phแบฉm nรy,mua thรชm mแปi ฤc"
5,Shop uy tiฬn,"Shop naฬy baฬn aฬo ฤeฬฃp, reฬ. Chรขฬt vaฬi co giaฬn tรดฬt vaฬ sฦกฬ maฬt. Thฦฐฬ 2 laฬ giaฬ reฬ maฬ mรขฬu cuฬng nhiรชฬu. Like cho shop"
5,CHรฬT,"89k maฬ aฬo ฤeฬฃp quaฬ. ฤฤฬฃt thฦฐฬ 1 caฬi, nhรขฬฃn ฤc haฬng rรดฬi laฬฃi hiฬ huฬฃc ฤฤฬฃt thรชm 2 caฬi nฦฐฬa. Noฬi chung reฬ ฤeฬฃp"
2,Khรดng hรi lรฒng,Chแบฅt thun cแปงa รกo 5s cรณ 2 loแบกi (1 loแบกi mแปm thoแบฃi mรกi cรฒn 1 loแบกi cแบฃm giรกc cรณ nilon nรชn khรดng thoแบฃi mรกi dรน cรนng 1 sแป ๐ซ
5,Cแปฑc kรฌ hรi lรฒng,"รo khรก dแป thฦฐฦกng,  chแบฅt liแปu แปn , mรฌnh mua giรก sale 99k  khรก lร rแบป ฤแป sแป hแปฏu cรกi รกo cute nรy."
5,Cแปฑc kรฌ hรi lรฒng,"รกo ฤแบนp nhฦฐ hรฌnh, giao hรng nhanh , chแบฅt lฦฐแปฃng tแปt => nรชn mua :))"
4,Hรi lรฒng,"cลฉng ฤc, em ฤแป nghแป lm size xl to hฦกn tรญ ฤc ko, tแบงm 66 kg ฤc ko, em mua vแป tรนy ฤแบนp nhฦฐng em ko thแป cรi nรบt รกo ฤc"
5,Cแปฑc kรฌ hรi lรฒng,"chแบฅt liแปu vแบฃi tแปt nhฦฐng hฦกi nhแบกt mรu so vแปi แบฃnh, vแปi size L hฦกi to๐๐"
4,Hรi lรฒng,nรณi chung ฤแบนp ok nhฦฐng hฦกi nhแบกt hฦกn trong hรฌnh แบฃnh . vแบญy lร ok rแปi
5,Cแปฑc kรฌ hรi lรฒng,รกo cแปฑc kรฌ ฤแบนp y nhฦฐ hรฌnh side vแปซa รฝ giao hรng nhanh chรณng
5,Cแปฑc kรฌ hรi lรฒng,"ฤแบนp, nhฦฐng size M mแบทc hok vแบซn hok vแปซa"
5,Cแปฑc kรฌ hรi lรฒng,"ฤแบนp
Giao khรก nhanh
Sแบฃn phแบฉm vแปซa รฝ"
5,Cแปฑc kรฌ hรi lรฒng,รo ฤแบนp
4,Hรi lรฒng,mรu hฦกi nhแบกt so vs hรฌnh.....
5,ฤรขy lร mแปt cรบ lแปซa.,"Mรฌnh thแปฑc sแปฑ thแบฅy khรณ chแปu vแปi shop nรy lแบฏm nha. Lแบงn ฤแบงu tiรชn mรฌnh ฤแบทt hรng mร ฤรฃ nhแบญn ฤฦฐแปฃc sแบฃn phแบฉm chแบฅt lฦฐแปฃng tแปt nhฦฐ vแบญy. Chแบฅt lฦฐแปฃng vแบฃi thรฌ hฦกi bแป thแปซa ฤแบนp rแปi nha.  Lแบกi cรฒn mรกt mแบป vร co giรฃn tแปt nแปฏa hร. Nรณi thแบญt mแบทc thแบฟ nรy chแบฏc cลฉng sฦฐแปng bรฌnh thฦฐแปng thรดi mร. 
Bรกn รกo mร lแบกi cรฒn tแบทng cแบฃ quร. Nhฦฐ vแบญy lร nรณi dแปi mรฌnh rแปi. ฤรกnh giรก 5* cho bรต ghรฉt. 
Lแบงn sau tรดi  mร cรณ mua hรng thรฌ tแบทng thรชm quร nแปฏa nha."
5,"Chแบฅt lฦฐแปฃng tแปt, giรก cแบฃ hแปฃp lรฝ.","ฤรกng lแบฝ giรก phแบฃi lร 199k chแปฉ cแปฉ ko nรชn lร 99k.Chแบฅt vแบฃi nhฦฐ nรy quรก vฦฐแปฃt trแปi. Mua 99k thรฌ hแปi quรก.Cรดng nghแป Nhแบญt bแบฃn nรชn mแบทt rแบฅt mรกt, vแบฃi ko quรก mแปng, ko quรก dรy nรชn mแบทc rแบฅt thรญch. Sแบฃn phแบฉm mแปi 100% ฤรบng size, mรฌnh thรญch mรu ฤen nรชn nhรฌn lรm ฦฐng. Simple is the Bรฉt."
5,Dแปch vแปฅ tแปt.,"Mรฌnh tแปซng mua 1 lแบงn mแบซu รกo nรy tแบกi shop nรy. Thแบฅy chแบฅt lฦฐแปฃng tแปt, dแปch vแปฅ cลฉng tแปt mรฌnh quyแบฟt ฤแปnh mua thรชm 4 cรกi nแปฏa tranh thแปง giรก tแปt. รo giรก tแปt mร chแบฅt mแบทc thรญch lแบฏm รญ! Mรฌnh ฤแบทt xong shop cแบฉn thแบญn hแปi lแบกi thรดng tin chiแปu cao cรขn nแบทng ฤแป chแปn size cho chuแบฉn, ฦฐng khรดng ฤแป ฤรขu cho hแบฟt! Mua cho bแป cho chแปng cho em giai lแบฅy thแบฃo nhรฉ, quรก ok vแป chแบฅt vร quรก rแบป vแป giรก แบก!"
5,"Chแบฅt lฦฐแปฃng tแปt, giรก cแบฃ hแปฃp lรฝ.Khรดng giแปng vแปi nhแบญn xรฉt tiรชu cแปฑc kia.","Lรบc ฤแบงu ฤแปc review thรฌ thแบฅy cรณ mแบฅy cรกi ฤรกnh giรก ko tแปt lแบฏm. Mร vแบซn thแบฅy cรณ nhiแปu ฤรกnh giรก 5* cลฉng liแปu mua thแปญ vรฌ cลฉng ฤang cแบงn hรng. Mรฌnh lร ngฦฐแปi khรก kฤฉ tรญnh trong vแบฅn ฤแป ฤn mแบทc. Hแปi trฦฐแปc lร toรn mua hรng mแบฅy shop thฦฐฦกng hiแปu khรก nแปi tiแบฟng cแปงa Viแปt Nam. Mร thแบฅy sแบฃn phแบฉm cลฉng bรฌnh thฦฐแปng ร. Nรณi chung thรฌ sแบฃn phแบฉm cแปงa shop nhฦฐ nรy thแบฅy giรก thรnh cลฉng phรน hแปฃp, nhแบญn hรng,xem hรng, mแบทc mแบฅy ngรy rแปi thแบฅy rแบฅt ok.hรi lรฒng,tแปng thแป lร xแปn.Vแบญy chแบฏc lร mแบฅy ฤรกnh giรก xแบฅu kia lร cแปงa anh ฤแปi thแปง cแปงa shop rแปi. Lแบงn sau ฤแปซng lรm thแป cรกc anh nhรฉ. Chฦกi xแบฅu ghรช ร. Kinh doanh, buรดn bรกn mร nhฦฐ vแบญy thรฌ kรฌ lแบฏm. Cรฒn shop thรฌ mรฌnh sแบฝ แปงng hแป dรi dรi."
5,Cแปฑc kรฌ hรi lรฒng.ฤรกnh giรก shop uy tรญn.,"Cแปฑc kรฌ hรi lรฒng.ฤรกnh giรก shop uy tรญn.
Thรดng tin quแบฃng cรกo chรขn thแบญt, sแบฃn phแบฉm nhแบญn ฤฦฐแปฃc ฤรบng thรดng sแป,chแบฅt vแบฃi trรชn web. Nรณi chung lร nhฦฐ vแบญy thรฌ mรฌnh rแบฅt yรชn tรขm, hรi lรฒng.
Cรกc anh, chแป lรชn khi cรณ nhu cแบงu mua hรng lรชn lแปฑa chแปn nhแปฏng shop nhฦฐ nรy nhรฉ. แปฆng hแป shop uy tรญn."
1,Rแบฅt khรดng hรi lรฒng,"350k giแบฃm cรฒn 99k. xแบกo kinh khแปงng nhe cรกc bแบกn, Dรน 99k cลฉng chฦฐa ฤรกng. รo chแบฃ cรณ thฦฐฦกng hiแปu gรฌ mร 350k giแบฃm con 99k. Vรฃi nhฦฐ vรฃi mรนn , vรฌ nรณ quรก giแบฃn nรชn sai M mร mรฌnh thแบฅy rแปng thรนng thรฌnh. mรฌnh sai M thแบญt sแปฑ thรฌ chแป cรณ chแบญt, mแบทc size L cรฒn vแปซa mร cรกi nรy sai M nรณ thรนng thรฌnh. Chแบฃ hiแปu sao แป trรชn lแบกi 5 sao nhiแปu nhฦฐ vแบญy. hzzz"
5,Hรi Lรฒng. Cรด giรกo cho ฤiแปm 9/10 nhรฉ bรฉ shop ฦกi.,"รo thun gรฌ mร tฦฐฦกng ฤแปi ฤแบนp nhรฉ. Mรฌnh ฤรฃ ฤแบนp rแปi mร mแบทc vรo lแบกi ฤแบนp hฦกn. Chแบณng biแบฟt cรณ phแบฃi hรดm nay mรฌnh ฤแบนp quรก hay khรดng mร mแบทc xong thแบฅy cรกi รกo nรณ bแป ฤแบนp lรขy lan, thแปฑc sแปฑ thรฌ mรฌnh vแบซn thแบฅy mรฌnh ฤแบนp hฦกn. รo thรฌ chแป cรณ cรกi chแบฅt vแบฃi cotton nhฦฐ quแบฃng cรกo chแปฉ  cรณ gรฌ ฤรขu. Giรก tแบงm nรy mua ฤรขu ฤฦฐแปฃc รกo vแบญy. Thรดi mรฌnh mua tแบกm mแบทc vแบญy. 
Cแบฃnh cรกo shop bรกn ฤแป nhฦฐ vแบญy. Cho 5* khรณ chแปu lแบฏm รฝ."
5,ฦฏng รฝ lแบฏm.,"Giao hรng nhanh, cรฒn ฤฦฐแปฃc tแบทng kรจm tรบi thฦกm ^^ Shop tฦฐ vแบฅn rแบฅt nhiแปt tรฌnh, รกo giรก rแบป mร vแบฃi dรy dแบทn, ko mแปng dรญnh ฤรขu, ฤฦฐแปng kim mลฉi chแป may chแบฏc chแบฏn. mรu รกo y hรฌnh chแปฅp, รกo form to nรชn bรฌnh thฦฐแปng m mแบทc L, chแป cแบงn mua M mแบทc vแปซa rแปi, trai gรกi bon chen ฤฦฐแปฃc hแบฟt nha. rแบฅt ฦฐng :D"
5,Xuแบฅt sแบฏc. Xแปฉng ฤรกng ฤฦฐแปฃc lแปฑa chแปn ฤแป sแปญ dแปฅng.,"Mรฌnh mua cแบฃ hai sแบฃn phแบฉm tแบกi shop ฤแป tแบทng em zai mรฌnh nhรขn dแปp sinh nhแบญt nรณ . Nรณ thรญch lแบฏm ,rแปi cแปฉ khen hoรi vแป bแป ฤแป nรy. Mรฌnh cลฉng rแบฅt hแบกnh phรบc vรฌ ฤรฃ lแปฑa chแปn ฤฦฐแปฃc mรณn quร ฦฐng รฝ cho nรณ vร cลฉng thแบฅy hแปฃp chi phรญ bแป ra .Mรฌnh ฤรฃ trแบฃi nghiแปm sแบฃn phแบฉm vร dแปch vแปฅ cแปงa shop tฦฐฦกng ฤแปi hรi lรฒng.Mong cรกc bแบกn khรกc mua hรng thรฌ แปงng hแป shop nรy nhรฉ."
5,Rแบฅt hรi lรฒng vร ฦฐng รฝ.,"Shop naฬy baฬn quแบงn aฬo ฤeฬฃp, bแปn , giรก cแบฃ phรน hแปฃp. Chรขฬt vaฬi 100% cotton nhฦฐ quแบฃng cรกo, co giaฬn tรดฬt vaฬ sฦกฬ maฬt, mแปn. Giแบทt vรi lแบงn mร ko hแป xuแบฅt hiแปn vแบฅn ฤแป gรฌ.Khรดng nhฦฐ mแบฅy mแบซu giรก rแบป 50-60k. Thฦฐฬ 2 laฬ shop cรณ nhiแปu chฦฐฦกng trรฌnh chฤm sรณc sau mua hรng khรก tแปt. Cรฒn ฤฦฐแปฃc tแบทng quร vร mรฃ giแบฃm giรก sau khi ฤรฃ mua hรng. 
Nhฦฐ vแบญy lร mรฌnh thแบฅy rแบฅt hรi lรฒng vแป shop nรy. Like cho shop + 5*."
5,Cแบฃm ฦกn,Rแบฅt hรi lรฒng vแปi sแบฃn phแบฉm nรy ! ฤฦกn kแบฟ tiแบฟp mรฌnh ฤแบทt rแบฅt nhiแปu! Mong TiKi lรm uy tรญn vร chแบฅt lฦฐแปฃng! Cแป gแบฏng giao hรng nhanh hฦกn ! Vร mรฌnh mua nhiแปu sแบฃn phแบฉm sao khรดng chuyแปn 1 lแบงn mร lแบกi chia thรnh nhiแปu lแบงn vแบญy! Mรฌnh muแปn nhแบญn 1 lแบงn cho tiแปn vร Ko mแบฅt nhiแปu thแปi gian
3,khรดng hรi lรฒng,"lแบงn ฤแบงu mua 1 cรกi giao trฦฐแปc thแปi gian vร mแป ra cแบฃm thแบฅy rแบฅt hรi lรฒng vแป sแบฃn phแบฉm.
nรชn giแปi thiแปu bแบกn bรจ mua thรชm 3 cรกi thแปi gian giao hรng vแบซn nhanh nhฦฐ trฦฐแปc nhฦฐng chแบฅt lฦฐแปฃng ฤรฃ giแบฃm. ฤแบทt rรต rรng lร รกo trแบฏng tinh nhฦฐng lแบกi giao รกo mรu trแบฏng ngร. cแบฃm thแบฅy khรดng ฤฦฐแปฃc hรi lรฒng vร mong shop hแป trแปฃ dรนm แบก"
1,Rแบฅt khรดng hรi lรฒng,"Thแบฅt vแปng vรฌ mแบทc ko vแปซa, quรก chแบญt, trรชn รกo ghi lร side XXL, nhฦฐng thแบญt ra lร size L thui, mรฌnh cแปฉ nghฤฉ lร XXL lร mแบทc vรo thoแบฃi mรกi, thแบญt sแปฑ thรฌ ko phแบฃi thแบฟ, rแบฅt thแบฅt vแปng, vรฌ ko biแบฟt phแบฃi tแบทng lแบกi cho ai nแปฏa, vรฌ size quรก nhแป, shop lรm ฦกn xem xรฉt lแบกi vร ฤiแปu chแปnh size cho ฤรบng thแบญt tแบฟ nแบฟu nhฦฐ muแปn tiแบฟp tแปฅc bรกn hรng trรชn Tiki. vรฌ nhแปฏng ngฦฐแปi mua hรng ฤแปu tin tฦฐแปng Tiki thui. mรฌnh ฤรฃ mua hรng trรชn Tiki rแบฅt nhiแปu. Mแบกc trรชn ao mรฌnh ฤรฃ cแบฏt ra rแปi, ko biแบฟt cรณ thแป ฤแปi lแบกi ฤc ko? nแบฟu ko thรฌ ฤรnh chแปu. Chแบฏc sแบฝ ko bao giแป mua hรng cแปงa shop nรy nแปฏa"
1,รo sฦก mi nam,"nhแบญn ฤc hรng sฦกm hฦกn dแปฑ kiแบฟn, nhฦฐng quรก thแบฅt vแปng vรฌ mแบทt ko vแปซa, quรก chแบญt, trรชn รกo ghi lร side XL, nhฦฐng thแบญt ra lร side M thui, mรฌnh cแปฉ nghแป lร XL lร mแบทt vรo rแบฅt thoแบฃi mรกi, ai nhรจ lร ko phแบฃi thแบฟ, rแบฅt thแบฅt vแปng, vรฌ ko biแบฟt phแบฃi tแบทng lแบกi cho ai nแปฏa, vรฌ side quรก nhแป, shop lรm ฦกn xem xรฉt lแบกi vร ฤiแปu chแปnh side cho ฤรบng thแบญt tแบฟ nแบฟu nhฦฐ muแปn tiแบฟp tแปฅc bรกn hรng trรชn Tiki. vรฌ nhแปฏng ngฦฐแปi mua hรng ฤแปu tin tฦฐแปng Tiki thui. mรฌnh ฤรฃ mua hรng trรชn Tiki rแบฅt nhiแปu. mแบกc trรชn ao mรฌnh ฤรฃ cแบฏt ra rui, ko bt cรณ thแป ฤแปi lแบกi ฤc ko? nแบฟu ko thรฌ ฤรnh chแปu. sแบฝ ko bao giแป mua hรng cแปงa shop nรy nแปฏa. Cแบฃm ฦกn Tiki."
1,Rแบฅt khรดng hรi lรฒng,"Trฦฐแปc h mรฌnh mua hรng tiki cลฉng nhiแปu , nhฦฐng xong lแบงn nรy chแบฏc ko mua nแปฏa ,
ฤแบทc 2 รกo sale L mร giao sale gรฌ mรฌnh cลฉng ko biแบฟt mร ฤแปฉa con nรญt mแบทc cลฉng ko vแปซa , ko cรณ tem mแบกc gรฌ hแบฟt , nแบฟu ko cรณ hรng thรฌ thรดi ฤi , lรm ฤn gรฌ vแบญy bรขy"
1,Rแบฅt khรดng hรi lรฒng,qua nhแบญn hรng nay mแปi cรณ thแปi gian Mแป ra xem. รo nhฦฐ 1 cรกi giแบป rรกch vแบญy ๐คฌ๐คฌ๐คฌ. nhฤn nhรบm . chแบฅt lฦฐแปฃng vแบฃi quรก tแป. ฤรณng gรณi sฦก sรi. rแบฅt tin tฦฐแปng tin tฦฐแปng Tiki nhฦฐng lแบงn nรy sแบฃn phแบฉm quรก tแป
4,ฤรกnh giรก 4 SAO,"ฦฏu ฤiแปm: Chแบฅt vแบฃi mแปm mแปn, rแบฅt ok.  Nam 1m7 60kg form chuแบฉn mแบทc size L khรก แปn. Ai cรณ bแปฅng nรชn trแปซ hao mua rแปng hฦกn 1 size.
Nhฦฐแปฃc ฤiแปm: รo size cรณ vแบป hฦกi ngแบฏn so vแปi mรฌnh. Khรดng bแป thรนng ฤฦฐแปฃc. รo nhiแปu chแป dฦฐ."
5,thแบญt sแปฑ hฦกn cแบฃ mong ฤแปฃi,"chแบฅt liแปu แปn, 
mรu trแบฏng hฦกi ngร : ok 
ฤฦฐแปng chแป : ok 
chแป cรบc รกo : nรชn khรขu lแบกi cho chแบฅt
cแป รกo nhแป hรi lรฒng 
tแบงm 48kg chแป lรชn lร mแบทc chuแบฉn hแบฟt"
5,Cแปฑc kรฌ hรi lรฒng,"bแบฃng size รกo tฦฐ vแบฅn chuแบฉn, mรฌnh tแปฑ coi bแบฃng size rแปi chแปn รกo mแบทc rแบฅt vแปซa, khรดng bแป chแบญt, mua lรบc sale nรชn rแบฅt hรi lรฒng vแป giรก lแบซn chแบฅt lฦฐแปฃng."
1,quรก tแป,"mua vแป xong vแปฉt luรดn. khรดng thแป mแบทc ฤฦฐแปฃc, trฦฐแปng hแปฃp chแป may sฦก sรi cรฒn chแบฅp nhแบญn ฤฦฐแปฃc, แป ฤรขy ฤรขu chแป sฦก sรi ngoรi ra cรฒn bแป lแปi rแบฅt nhiแปu. haizz"
3,Hรng bแป lแปi,"tay รกo bรชn trรกi bแป bung chแป khi vแปซa nhแบญn hรng (chฦฐa sแปญ dแปฅng thแปญ),giao hรng nhanh,ฤรบng yรชu cแบงu"
4,Hรi lรฒng,"รo gแบงn nhฦฐ mรด tแบฃ, cรณ ฤiแปu vแปi tแบงm giรก nรy thรฌ ko thแป ฤรฒi hแปi gรฌ hฦกn, ฤฦฐแปng may khรดng chแบฏc chแบฏn, ko thแป thรกo rแปi nรณn"
5,Rแบฅt Hรi Lรฒng Luรดn,"Sแบฃn phแบฉm rแบฅt tแปt nha , ฤรกng ฤแปng tiแปn lแบฏm luรดn . Khรก hรi lรฒng vแป chแบฅt lฦฐแปฃng , giao hรng nhanh chรณng nแปฏa ."
4,Hรi lรฒng,"hรng khรก chแบฅt lฦฐแปฃng so vแปi giรก tiแปn, mแปng nhแบน, giแบทt mau khรด. khรดng cรณ gรฌ ฤแป chรช vแปi giรก nรy"
5,Cแปฑc kรฌ hรi lรฒng,dแบก รกo vแป nhฦฐng lแบกi nhแป khรดng vแปซa em cรณ thแป thแป ฤแปi lแบกi lแบฅy size lแปn hฦกn ko shop
5,Cแปฑc kรฌ hรi lรฒng,"รo rแบฅt ฤแบนp vร rแบฅt แบฅm
Tแบงm giรก nรy lร oki lแบฏm rแปi"
1,Rแบฅt khรดng hรi lรฒng,รกi dฦก kinh khแปงng...ฤem ฤi giแบทt thรฌ chแปฏ trรชn tay รกo trรณc hแบฟt...nรณi chung tแป
1,Rแบฅt khรดng hรi lรฒng,"รกo ฤแบนp khรก ok nhฦฐng mรu rรกch 
chแป mรกy ko ฤฦฐแปฃc chแบฏc rรกch chแป tรบi 
chแป nรกch"
3,Bรฌnh thฦฐแปng,Cx ฤc nhฦฐng phแบฃi mua thรชm cรกi dรขy truyแปn trong hรฌnh nแปฏa mแปi ฤแบนp thแบญt sแปฑ
5,Cแปฑc kรฌ hรi lรฒng,chแป cรณ cรกi lร รกo hฦกi nhรo xรญu nhฦฐng hรng rแบฅt ฤแบนp ฤแบนp nhฦฐ hรฌnh lun ๐
4,Hรi lรฒng,รกo nรy ok nhฦฐng mรฌnh ko thรญch hai ฤiแปm lร cรณ cรกi ฤฦฐแปng mรu trแบฏng trรชn รกo nรฌnh xแบฅu vแปi cรกi tรบi รกo tรบi รกo qhแบฃi thรชm giรขy kรฉo nhแบฏm khi mฦฐa mรฌnh ฤแป tiแปn ฤiแปn thoแบกi nรณ ko bแป bay
1,sai mรด tแบฃ,thรดng tin chi tiแบฟt mรด tแบฃ รกo khรดng thแบฅm nฦฐแปc vแบญy mร nรณ lแบกi thแบฅm nฦฐแปc rแบฅt tแปt lร ฤแบฑng khรกc. tiki xem xรฉt lแบกi giรบp mรฌnh
4,Hรi lรฒng,"rแบฅt giแปng vแปi hรฌnh trรชn shop nhฦฐng khรบc kรฉ chรฒi cแป khรดng cรณ ฤแป chแบทn kรฉo mแบกnh lร nรณ sแปฉc ra lun. Bรน lแบกi vแบฃi tแปt ,gรณi rแบฅt cแบฉn thแบญn...OK"
4,Hรi lรฒng,"ฤiแปm cแปg:รกo nhฦฐ hรฌnh,kiแปu dรกng bแบฏt mแบฏt
ฤiแปm trแปซ:xฤn tia รกo k cรณ ฤiแปm chแบทn trรชn ฤแบงu,kรฉo lร bay cรกi tia ra luรดn"
4,Hรi lรฒng,Hรng chแบฅt lฦฐแปฃng giแปng vs แบฃnh 100% nhฦฐng cรณ chแป cแบงn khแบฏc phแปฅc chแป nรณn ghi mแปฑc lรชn khรดng xoรก ฤi ฤc
3,Bรฌnh thฦฐแปng,"ฤฦฐแปng may k ฤแบนp lแบฏm, lแป chแป dฦฐ vร ฤฦฐแปng may ฤi may lแบกi
vแปi giรก nรy thรฌ sp xรi tแบกm ฤc"
3,Bรฌnh thฦฐแปng,mua 2 cรกi mรu vรng mร giao cรกi cam cรกi vรng .lรm sao ฤแปi lแบกi ฤรขy shop
5,Nรชn mua,"รกo giแปng nhฦฐ hรฌnh, chแบฅt lฦฐแปฃng tแปt 
hรi lรฒng vแป tiki.ฤรขy lร lแบงn t4 tรดi mua hรng cแปงa tiki"
4,Hรi lรฒng,รกo ฤแบนp vแปซa tรบi tiแปn mร xuรขn tia kรฉo hฦกi khรณ mร bรชn trong lร dรน chแปฉ ko phแบฃi lฦฐแปi
1,Rแบฅt khรดng hรi lรฒng,ฤฦฐแปng may sฦก sรi. lแปp lรณt แป trong vร ngoรi khรดng ฤแปu nhau.
1,Rแบฅt khรดng hรi lรฒng,quรก khรกc nhau mรฃ thรฌ ฤรบng khรดng biแบฟt cรณ gแปญi nhแบงm hay khรดng yรชu cแบงu bแปi thฦฐแปng
5,rat dep,rat dep va hoan qua that hop voi luoi tuoi thoi nay
2,Khรดng hรi lรฒng,ฤแปซng ai khแป nhฦฐ e nhรฉ rรต rรng bแบฅm vรo chแปn size l rแปi mร vแบซn nhแบฃy vแป size m thแบฟ lร ko ฤแป รฝ bรขy h toang ko mแบทc vแปซa :((((
5,Cแปฑc kรฌ hรi lรฒng,Sแบฃn phแบฉm cลฉng ฤฦฐแปฃc nhฦฐng mร nhiแปu ฤแปm trแบฏng quรก giแปng nhฦฐ 101 con chรณ ฤแปm ak. Giao hรng nhanh.๐คฃ๐คฃ๐คฃ
4,Hรi lรฒng,"chแบฅt vแบฃi rแบฅt tแปt
รกo ฤแบนp ok , giao hรng nhanh .Giแปng nhฦฐ trรชn hรฌnh"
5,Cแปฑc kรฌ hรi lรฒng,"รo  chแบฅt lฦฐแปฃng, mรกt mแบป,nhฦฐng size L tฦฐแปng rแปng vร bแปฑ ai nhรจ hฦกi nhแป so vs tรดi mร mแบทc vแบซn ฤc"
4,hmm,nรณi chung lร tiแปn nรo cแปงa ฤรณ giรก gแปc cแปงa cรกi รกo nรy tรดi nghฤฉ lร 70k nแบฟu mร giรก gแปc lร 169k thรฌ cรณ hฦกi quรก
1,cรณ mua bรชn shop 1 cรกi รกo thun,mรฌnh ฤรฃ nhแบญn hรng nhฦฐng mรฌnh cรณ vรi vแบฅn ฤแป muแปn nรณi vแปi bแบกn . mรฌnh rแบฅt thแบฅt vแปng vแป sแบฃn phแบฉm ?
3,Bรฌnh thฦฐแปng,Mua vแป r mแปi bt chแบฅt liแปu vรฃi hฦกi Dแปm keo rแบฏc trรชn รกo hฦกi dรญnh nhฦฐng cลฉng bแปn
5,ok,hรng okkkkkkkkkkkkkkkkkkkkkkkkkkkkkkkkkkkkkkkkkkkkkkkkkkkkkkkkkkkkkkkkkkkkk
4,Hรi lรฒng,"รo mแปng mแบทc mรกt, hoแบก tiแบฟt ฤแบนp. Tuy nhiรชn vรฌ lร hoแบก tiแบฟt phun lรชn vแบฃi nรชn mรฌnh khรดng hรi lรฒng cho lแบฏm vร cรกi hรฌnh mแบทt cฦฐแปi ฤแปi vแปi mรu ฤen thรฌ viแปn bรชn ngoรi ฤรฃ sแบฏp chuyแปn thรnh mรu ฤen theo mรu vแบฃi luรดn rแปi."
4,Hรi lรฒng,"Tiki giao hรng nhanh, thฦฐแปng lร trฦฐแปc 1 ngรy
รo ฤแบนp, kiแปu dรกng giแปng trong แบฃnh mร tay รกo lแบกi hฦกi ngแบฏn..
Nรณi chung lร sแบฃn phแบฉm nรy tแปt - giรก hแปฃp lรญ"
5,ฤรกnh Giรก Sแบฃn Phแบฉm,"Mแบทt cฦฐแปi bรชn phแบฃi bแป lem, dรญnh lรดng chแป ฤen, mแบทt cฦฐแปi mรu vรng muแปn thรnh mรu ฤen, nhฦฐng vแปi giรก nรy thรฌ ฤรฃ quรก ok rแปi! Cแบฃm ฦกn shop!^^"
2,Khรดng hรi lรฒng,รกo xแบฅu... vแปi lแบกi mรฌnh trแบฃ lแบกi cลฉng ฤฦฐแปฃc mแบฅy ngรy rแปi nhฦฐng sao chฦฐa thแบฅy tiki hoรn tiแปn vแบญy แบก... thแบฅt vแปng๐
5,Cแปฑc kรฌ hรi lรฒng,"รกo giao ฤรบng mแบซu, phแบงn logo thรฌ nhรฌn kฤฉ thแบฅy ko ฤแบนp lแบฏm.. nhฦฐng tแปng thแป thรฌ ok"
4,Hรi lรฒng,รo ฤแบนp nhฦฐng vแบฃi hฦกi mแปng xรญu nhฦฐng mร ฤแบนp hแปฃp tรบi tiแปn mแปi ng nรชn mua แปงng hแป shop
3,Bรฌnh thฦฐแปng,"รo hฦกi bแปฑ vร dรi , tรดi 1m67, 58kg mแบทc hฦกi rแปng vร dรi, ฤฦฐแปng mai cรณ bแป ฤแปฉt chแป."
3,Bรฌnh thฦฐแปng,lแบงn nรy tiki giao muแปn hฦกi mแปi lแบงn chแบฏc do trแปi mฦฐa. รo cลฉng ฤแบนp
1,Rแบฅt khรดng hรi lรฒng,"รo tแป khiแบฟp chแป mแบทc ฤฦฐแปฃc 1 lแบงn, khuyรชn thแบญt khรดng nรชn mua=)))))))"
4,Hรi lรฒng,"รกo dรi rแปng ฤแบนp nhฦฐ hรฌnh, chแป cรณ cรกi mแบทt cฦฐแปi trรชn tay รกo hฦกi mแปc"
5,Cแปฑc kรฌ hรi lรฒng,"Rแบฅt ฦฐng รฝ Sp.ฤรณng hแปp cแบฉn thแบญn,Vแบฃi mแปm mแบทc rแบฅt thoแบฃi mรกi."
1,Khรดng nhฦฐ hรฌnh แบฃnh,"Nhแบญn ฤฦฐแปฃc รกo, vแบฃi mแปng, form cลฉng khรดng giแปng vแปi hรฌnh แบฃnh."
5,Cแปฑc kรฌ hรi lรฒng,hรng tแปt ! ฤแบนp ! vรฃi dรy ! mแบทt mรกt ! chรบc shop thรnh cรดng ...
4,Hรi lรฒng,รกo hฦกi rแปng e muแปn ฤแปi lแบกi size nhแป hฦกn dc k แบก
5,Cแปฑc kรฌ hรi lรฒng,shop bรกn hรng chแบฅt lฦฐแปฃn รกo tem ฤแบนp
2,Khรดng hรi lรฒng,รo ฤแบนp mร Size L rแปng quรก
1,Rแบฅt khรดng hรi lรฒng,รกo mรu xแบฅu hฦกn hรฌnh .....
2,Khรดng hรi lรฒng,L mร rแปng quรก
3,Bรฌnh thฦฐแปng,
5,Cแปฑc kรฌ hรi lรฒng,"Hรng ฤแบนp mua nhiรชu tiki nรชn cung yรชn tรขm.  Vแปซa tรบi tiแปn nhรขn viรชn giao hรng lแปch sแปฑ , hรng ฤฦฐแปฃc ฤรณng gรณi thแบฉm mแปน. Ae mua hรng trรชn tiki lร thแบฅy an tรขm nhแบฅt."
5,Cแปฑc kรฌ hรi lรฒng,phแบฃi nรณi lร thรญch thแบญt sแปฑ luรดn รญ . shop chu ฤรกo ghรช . giao hรng sแปm hฦกn dแปฑ kiแบฟn.  chแบฅt liแปu vแบฃi mแปm mแปn khรดng lรm khรณ chแปu khi mแบทc . shop cรฒn tแบทng cแบฃ khแบฉu traq nแปฏa cฦก chแปฉ ๐
5,ฤรฃ mua รกo,giao hรng ฤรบng mแบซu. chแบฅt liแปu mแปng. size vแปซa vแบทn. giรก rแบป. nรณi chung แปn
5,Cแปฑc kรฌ hรi lรฒng,hรng ฤแบนp ! vแบฃi tแปt ! chรบc shop thรnh cรดng hฦกn !
5,Cแปฑc kรฌ hรi lรฒng,"sp tแปt, chแบฅt lฦฐแปฃng phรน hแปฃp vs giรก"
5,Cแปฑc kรฌ hรi lรฒng,Mแบทc Khรก lร ฤc vร ฤแบนp vแปซa รฝ tรดi
5,Cแปฑc kรฌ hรi lรฒng,"รกo ฤแบนp, rแปng thoแบฃi mรกi"
5,Cแปฑc kรฌ hรi lรฒng,"รกo rแบฅt lร ok 
ฤแบนp"
2,Khรดng hรi lรฒng,รกo ko nhฦฐ hรฌnh
1,Rแบฅt khรดng hรi lรฒng,Nรณ ฤรฃ bแป rรกch
5,Hรi lรฒng vแป dแปch vแปฅ,"Mรฌnh ฤแบทt hรng vร nhแป TIKi giao ฤรบng vรo dแปp sinh nhแบญt รดng xรฃ. May mร bรชn TIKI team hแป trแปฃ nhiแปt tรฌnh nรชn giao sแบฃn phแบฉm sแปm hฦกn cแบฃ mong ฤแปฃi nแปฏa. รo ฤรบng nhฦฐ  hรฌnh, vแบฃi cลฉng ฤฦฐแปฃc. Vรฌ mรฌnh mua tแบทng nรชn cลฉng ko ฤฦฐแปฃc xem sp tแบญn mแบฏt. Nhฦฐng cลฉng khรก lร ok rแปi.
Xin cแบฃm ฦกn"
4,Hรi lรฒng,"Hรng chแบฅt lฦฐแปฃng, ฤรบng mแบซu vร khรดng bแป lแปi. Mรฌnh cao 1m74, nแบทng 67kg mแบทc size XL rแบฅt vแปซa. Hi vแปng shop duy trรฌ ฤฦฐแปฃc chแบฅt lฦฐแปฃng"
2,Khรดng hรi lรฒng,"mรฌnh nhแบญn hรng vร hรi lรฒng, tuy nhiรชn chแปn size hฦกi nhแป. mรฌnh ฤรฃ liรชn laฬฃc vแปi ฤฦกn vแป cung cรขฬp  nhฦฐng chแบญm trแป trแบฃ lแปi vร khรดng nhiแปt tรฌnh. Hฦกi thรขฬt voฬฃng, tiki xem lแบกi nhรฉ"
2,"Khรดng vแปซa, khรดng hรi lรฒng","Trฦฐแปc cรณ tแปซng mua รกo trรชn Tiki ฤแบฟn nay mแบทc vแบซn แปn, trong khi lแบงn nรy mรฌnh ฤแบทt cรนng size vแปi lแบงn trฦฐแปc nhฦฐng lแบกi cแปฑc kรฌ chแบญt, Tiki cรณ hแป trแปฃ ฤแปi size lแปn hฦกn khรดng?"
5,รo tแปt,"รo nhฦฐ trong hรฌnh, cho 5sao nhฦฐng do cแปก M mรฌnh ฤแบทt lแบกi ngแบฏn hฦกn M bรฌnh thฦฐแปng, khรดng biแบฟt mรฌnh cรณ ฤแปi ฤฦฐแปฃc khรดng shop?
ฤแปi sang L."
1,Khรดng hรi lรฒng,"รo mua khรดng ฤรบng kรญch cแปก, thแปง tแปฅc ฤแปi hรng phแปฉc tแบกp.Rแบฅt khรดng hรi lรฒng."
4,Hรi lรฒng,"vแบฃi tแปt, giรก rแบป, nhฦฐng mรu xรกm thแบฅy rรต mแป hรดi thแบฅm vรo quรก ko thแบฉm mแปน lแบฏm"
4,Size chแบญt,"Mรฌnh mua 2 รกo size XL bแป chแบญt, shop cรณ thแป ฤแปi lรชn size XXL ฤฦฐแปฃc khรดng."
5,Cแปฑc kรฌ hรi lรฒng,"Sแบฃn phแบฉm ฤแบนp, rแบฅt mแปn vร mรกt. shop rแบฅt nhiแปt tรฌnh vร vui vแบป"
5,Cแปฑc kรฌ hรi lรฒng,"รo rแบฅt ฤแบนp, rแปng , thoรกng vร mแบทc rแบฅt thoแบฃi mรกi."
2,Khรดng hรi lรฒng,"ฤแบทt cรบc ฤen nhฦฐng giao cรบc trแบฏng. Nhฦฐng vแบฅn ฤแป nรy ko sao. Quan trแปng lร mรฌnh 1m79, 72 73 kg mแบทc size XXXL (size to nhแบฅt) nhฦฐng thแบฅy chแบญt, cแปฅ thแป lร mแบทc vแปซa in nhฦฐng trong tฦฐ thแบฟ ฤแปฉng xuรดi tay kiแปu ngฦฐแปi chแบฟt :) khรดng cแปญ ฤแปng ฤฦฐแปฃc. Xฤn tay รกo lรชn thรฌ แปn hฦกn chรบt chแปฉ xแบฃ tay รกo vร cรi nรบt tay thรฌ hoรn toรn khรดng cแปญ ฤแปng ฤฦฐแปฃc. Size nรy chแป phรน hแปฃp cho ngฦฐแปi dรกng vรณc nhแป con mร thรดi. Bแบกn nรo tฦฐแปng ngon trai thรฌ ฤแปซng mua, mแบทc ko vแปซa ฤรขu."
2,Khรดng hรi lรฒng,nรบt thรฌ thay y nhฦฐ hรng cแปง ฤom nรบt lแบกi. ฤฦฐแปng may thรฌ lแปi tรนm lum . lรชn lai thรฌ chแป lรฒng thรฒng . y nhฦฐ hรng ฤแป ฤรณng ngoรi chแปฃ dแบกng siรชu khuyแบฟn mรฃi . tiki chแปฉ cรณ phแบฃi bรชn mแบฅy trang kia ฤรขu mร bรกn hรng chแปp giแปฑt vแบญy
3,Kiฬch thฦฐฦกฬc khรดng chuรขฬn,"Tรดi lฦฐฬฃa choฬฃn aฬo theo tiรชu chuรขฬn cho ngฦฐฦกฬi chรขu Aฬ theo cรขn nฤฬฃng vaฬ chiรชฬu cao cho nam Uniqlo, lฦกฬn hฦกn mรดฬฃt size laฬ XL. Tuy nhiรชn, aฬo nhรขฬฃn ฤฦฐฦกฬฃc rรขฬt chรขฬฃt, khรดng biรชฬt theo tiรชu chuรขฬn naฬo??? Nรชn chฤng nhaฬ saฬn xuรขฬt ฤฤng kiฬch thฦฐฦกฬc chuรขฬn cuฬa miฬnh ฤรชฬ khaฬch haฬng ฤฦฐฦกฬฃc biรชt, chon cho chuรขฬn."
5,Sแบฃn phแบฉm tแปt,"Giรก hแบกt dแบป nhฦฐng chแบฅt lฦฐแปฃng khรก tแปt. Form รกo ฤแบนp, nhฦฐng size thรฌ phรน hแปฃp vแปi ngฦฐแปi gแบงy hฦกn, mรฌnh 168cm 54kg nhฦฐng mแบทc size L vแบซn vแปซa. Do vแบญn chuyแปn tแปซ Hร Nแปi vรo TP. HCM nรชn mรฌnh nhแบญn hรng hฦกi lรขu nhฦฐng vแบซn chแบฅp nhแบญn ฤฦฐแปฃc."
4,"Size nhแป hฦกn so vแปi thแปฑc tแบฟ, nรชn mแบทc khรดng vแปซa cรณ ฤแปi size khรกc lแปn hฦกn ฤฦฐแปฃc khรดng แบก. Mรฌnh chแปu phรญ ship","Chแบฅt vแบฃi ฤแบนp, mแบซu mรฃ tแปt, Tiki giao hรng nhanh vร chu ฤรกo, รกo size nhแป hฦกn so vแปi thแปฑc tแบฟ cรกc hรฃng รกo khรกc nรชn mรฌnh mแบทc khรดng vแปซa, Tiki cรณ thแป ฤแปi hรng lแบกi cho mรฌnh khรดng ? Mรฌnh chแปu phรญ ship hรng. Mong sแปm nhแบญn ฤฦฐแปฃc trแบฃ lแปi"
5,Hรng ฤแบนp,mรฌnh rแบฅt sแปฃ mua ฤแป trรชn mแบกng ....nhแบฅt lร quแบงn รกo vรฌ hรng ฤa sแป khรดng giแปng hรฌnh ....nay ฤรกnh liแปu mia cแปงa shop 2 cรกi รกo ....ฤแบนp lแบฏm hรng y chang hรฌnh...mรฌnh hแปฉa mai mแปt cรณ mua รกo quแบงn thรฌ luรดn mua sแบฃn phแบฉm cแปงa shop nรy โค
5,Cแปฑc kรฌ hรi lรฒng,mรฌnh mแบทc size XL nhฦฐng khi mรฌnh mua 2 cรกi thรฌ mรฌnh lแบกi ฤแบทt nhแบงm 1 cรกi lร size L.giแป cรณ thแป cho mรฌnh ฤแปi 1 cรกi thรnh size XL ฤฦฐแปฃc khรดng แบก??mรฌnh mua cรกi nรy lร cรกi thแปฉ 3 แป bรชn shop rแปi.
3,Bรฌnh thฦฐแปng,Minh nhแบญn ฤฦฐแปฃc hรng roi. Nhan vien giao hang nhiรชฬฃt tรฌnh. รo vแบฃi cลฉng ฤฦฐแปฃc nhฦฐng chแป cรณ ฤiแปu nhรฌn hฦกi cลฉ .. giong nhฦฐ hรng tแปn kho lรขu ngรy vแบญy ฤรณ. Nhiแปu vแบฟt bแบฉn nhแบฏc
5,Cแปฑc kรฌ hรi lรฒng,"lแบงn nรo mua tiki cลฉng ฦฐng cแบฃ,  giรก hแปฃp lรญ,  giao hรng nhanh,  vแบฃi cลฉng mรกt nแปฏa,  hฦกi chแบญt tรฝ vs cรณ sแปฉt chแป vรi chแป nhฦฐng ko sao,  bแป qua ฤc  ๐๐๐"
5,รo Sฦก Mi Nam KOJIBA Dรi Tay Cรดng Sแป,"รo Sฦก Mi Nam KOJIBA Dรi Tay Cรดng Sแป chรขฬt liรชฬฃu tรดฬt, vaฬi ฤeฬฃp, mฤฬฃc lรชn daฬng chuรขฬn.
Maฬu sฤฬc rรขฬt ฦฐng yฬ, giaฬ thaฬnh reฬ so vฦกฬi thiฬฃ trฦฐฦกฬng
Seฬ tiรชฬp tuฬฃc uฬng hรดฬฃ"
5,Cแปฑc kรฌ hรi lรฒng vแป sแบฃn phแบฉm,"รกo rแบฅt ฤแบนp ,mรฌnh cแปฑc kรฌ thรญch, ฤรบng nhฦฐ quแบฃng cรกo. mรฌnh rแบฅt hรi lรฒng"
5,Cแปฑc kรฌ hรi lรฒng,Sแบฃn phแบฉm tแปt giao hรng rแบฅt nhanh luรดn sแบฝ tiแบฟp tแปฅc แปงng hแป shop ๐
4,Hรi lรฒng,ฤแบนp thรฌ cลฉng cรณ nhฦฐng hฦกi mแปng nha cho dรy thรชm tรญ xรญu ฤi ok.
5,Cแปฑc kรฌ hรi lรฒng,Tแปt lแบฏm mn
5,Cแปฑc kรฌ hรi lรฒng,Haฬng ok nha xxl thรขฬy hฦกi nhoฬ xiฬu
5,Cแปฑc kรฌ hรi lรฒng,รo ฤแบนp rแบฅt tแปt tรดi rแบฅt thรญch
3,Bรฌnh thฦฐแปng,Vรฌ chแบฅt liแปu vแบฃi ko mรกt
5,Cแปฑc kรฌ hรi lรฒng,"รo ฤแบนp, giao hรng cแปฑc nhanh"
5,Cแปฑc kรฌ hรi lรฒng,rแบฅt lร ฤแบนp โคโคโค
4,Hรi lรฒng,"รo OK, giแปng hรฌnh"
5,Cแปฑc kรฌ hรi lรฒng,"Sแบฃn phแบฉm ฤแบนp, chแบฅt vแบฃi mแปm vร co giรฃn, form รดm nรชn cรกc bแบกn nรชn nแปi ra 1 size thรฌ tแปt hฦกn, mรฌnh ฤรฃ ฤแบทt size xxl nhฦฐng cรณ lแบฝ phแบฃi ฤแบทt size 3x cho ฤแปฃt sau. Mรฌnh sแบฝ แปงng hแป shop"
5,Cแปฑc kรฌ hรi lรฒng,"Quรก ok rแปi, bao ฤรณng gรณi thรดi cลฉng thแบฅy ngon rแปi, รกo ฤแบนp, vแบฃi mแปn, cรฒn cรณ thฦฐ cแบฃm ฦกn, viแบฟt ko cแปฉng nhแบฏc. Tแปng quan thรฌ 5 sao"
5,Cแปฑc kรฌ hรi lรฒng,"รo ฤแบนp lแบฏm, mรฌnh ฤรฃ ฤแบทt thรชm 2 cรกi nแปฏa"
4,Hรi lรฒng,"sแบฃn phแบฉm chแบฅt lฦฐฦกng, giao hรng ฤรบng hแบนn"
3,Bรฌnh thฦฐแปng,"Chแบฅp nhแบญn ฤฦฐแปฃc 
Giao hรng nhanh chรณng"
3,Bรฌnh thฦฐแปng,Size xl nhฦฐng hฦกi nhแป
5,Cแปฑc kรฌ hรi lรฒng,รo rแบฅt ฤแบนp nhรฉ.
5,Cแปฑc kรฌ hรi lรฒng,rแบฅt ฤแบนp แบก
4,Hรi lรฒng,"ฤiแปm ฦฐng bแปฅng: ฤรบng size, ฤรบng mรu, mรu vang ฤแป rแบฅt ฦฐng รฝ, chแปng nแบฏng tแปt, may cแบฉn thแบญn ko chแป thแปซa, cรณ tรบi trong khรก sรขu, tรบi ngoรi cรณ dรขy kรฉo, ko sแปฃ rฦกi ฤแป.
ฤiแปm chฦฐa ฦฐng: kรญn giรณ quรก, mแบทc khรก nรณng. Phแบงn vแบฃi trong cแปงa tay รกo ko may dแบฑn lแบกi nรชn khi mแบทc cแปฉ bแป lรฒi ra ngoรi cแป tay."
5,Cแปฑc kรฌ hรi lรฒng,"Sแบฃn phแบฉm chแบฅt lฦฐแปฃng, รกo jacket cรณ 2 tรบi tay ngoรi vร 1 tรบi trong. Bแบญn ฤi xe ฤฦฐแปng dรi chแบฏn giรณ bแปฅi tแปt. Hรng giao nhanh, gแปn, mรu sแบฏc trแบป trung cรณ ฤiแปm trแปซ lร vแบฃi hฦกi mแปng."
5,Cแปฑc kรฌ hรi lรฒng,"Shop giao haฬng rรขฬt nhanh,  saฬn phรขฬm ฤuฬng mรด taฬ, mรขฬu maฬ ฤeฬฃp, Shop coฬn gฦฐฬi keฬm thฦฐ caฬm ฦกn khaฬch haฬng, miฬnh  rรขฬt thiฬch  shop. Nhรขn viรชn giao haฬng vui veฬ thรขn thiรชฬฃn.  Miฬnh luรดn uฬng hรดฬฃ shop vaฬ Tiki."
5,Cแปฑc kรฌ hรi lรฒng,"mรu navy hฦกi ฤแบญm mรฌnh thรญch nhแบกt hฦกn xรญu, form รกo ฤแบนp, chแบฅt dรน mแปm cรณ lรณt vแบฃi bรชn trong, tรบi trong sรขu rแปng ฤแปฑng ฤฦฐแปฃc smart phone phแปฅc vแปฅ tแปt cรณ bแบฃo hรnh ฤแปi trแบฃ cho shop 5 sao, chรบc shop buรดn bรกn ฤแบฏt hรng"
5,Cแปฑc kรฌ hรi lรฒng,"biแบฟt thฦฐฦกng hiแปu Goking ฤรฃ lรขu, mua ฤแป cแปงa hรฃng thรฌ yรชn tรขm vแป chแบฅt vแบฃi. form รกo mแบทc lรชn ฤแปฉng dรกng ฤแบนp lแบฏm nha. nhฦฐng mร sao ฤแปฃt nรy giao hรng hฦกi chแบญm xรญu"
5,Cแปฑc kรฌ hรi lรฒng,"Mรฌnh mua 2 mแบซu รกo khoรกc giรณ cแปงa shop. Mรฌnh 63kg mแปi ฤแบงu ko biแบฟt chแปn nhแบงm size M, may shop hแป trแปฃ ฤแปi qua L cho mรฌnh cแบฃ 2 mแบซu. Thแบญm chรญ ฤแปi qua mรu navy shop cลฉng OK. hรi lรฒng dแปch vแปฅ vร sแบฃn phแบฉm. Cho 5*"
5,Cแปฑc kรฌ hรi lรฒng,"Trฦฐแปc cรณ ฤแบฟn shop mua 1 lแบงn rแปi, thรญch quรก nรชn giแป lรชn tiki mua thรชm cรกi nแปฏa. รo ฤฦกn giแบฃn mร ฤแบนp cรณ phแปi thรชm bแป vai nhรฌn trแบป trung hiแปn ฤแบกi. Vแบฃi dรน cแปงa shop rแบฅt OK. Sแบฝ giแปi thiแปu cho bแบกn bรจ."
5,Khรดng chรช vรo ฤรขu ฤฦฐแปฃc,"ฤรฃ nhแบญn hรng. ฤรบng mรu, ฤรบng mแบซu. Mแบทc vแปซa khรญt ngฦฐแปi luรดn, shop tรญnh size khรก chuแบฉn, vแบฃi ฤแบนp. Shipper nhanh gแปn, nhiแปt tรฌnh vร lแปch sแปฑ."
5,"rแบฅt thรญch, sแบฝ แปงng hแป khi shop ra thรชm mรu","hรดm รt ฤi ฤร lแบกt mแบทc รกo nรy แบฅm cแปฑc kแปณ, รกo gแปn nhแบน chแปฉ khรดng cแปng kแปnh, mแบทc ฤi chฦกi rแบฅt ฤแบนp vร tiแปn, shop ra thรชm mรu mแปi รt sแบฝ hแปงng hแป nแปฏa"
5,"hรng แปn, khรก hรi lรฒng","รo khoรกc thรญch hแปฃp cho trแปi se lแบกnh hoแบทc ฤi xe mรกy, tuy nhiรชn cแบงn cแบฃi thiแปn ฤฦฐแปng may, may dรy hฦกn nแปฏa phรกi dฦฐแปi cรกnh tay, ฤรดi dรฒng gรณp รฝ cรนng shop"
5,"Chแบฅt Lฦฐแปฃng Tแปt, Giรก Cแบฃ Hแปฃp Lรฝ.Giao hรng nhanh.","Mua quแบงn รกo bรชn shop khรดng dฦฐแปi 5 lแบงn. Nhฦฐng lแบงn nรo cลฉng cรณ trแบฃi nghiแปm tแปt vแป sแบฃn phแบฉm. Chแบฅt liแปu vแบฃi cotton mรกt, co giรฃn tแปt.ฤฦฐแปng may chแบฏc chแบฏn khรดng bแปฅc, ko hแป cรณ lแปi lแบงm gรฌ cแบฃ. Rแบฅt thรญch sแบฃn phแบฉm cแปงa shop nhรฉ. Tin tฦฐแปng cho 5* luรดn."
5,Rแบฅt ok giรก nรy. Thanks shop vร tiki yรชu quรฝ.! Tรดi ฤรฃ mua hรng.,"Tรดi ฤรฃ nhแบญn ฤฦฐแปฃc hรng ฤรบng thแปi gian dแปฑ kiแบฟn. Vแป sแบฃn phแบฉm rแบฅt ฤรกng ฤแปng tiแปn bแบฏt gแบกo ae lรm ฤรดi bแป chฦกi chฦกi, ฤฦฐแปng may giแปng nhฦฐ ฤiรชu thuyแปn lun รก.! Mรu mรจ tแปt khรดng  xuแปng mรu , nhฦฐ vแบญy so sรกnh vแปi cรกc thฦฐฦกng hiแปu nแปi tiแบฟng lร khรก แปn nha. Cแบฃm nhแบญn quรก  tuyแปt vแปi. Quyแบฟt ฤแปnh gแปญi cho shop ฤรกnh giรก 5 sao chแป แป nhร nhแบฅn nรบt lร cรณ รกo mแบทc. hihi
P/s : Tรบi thฦกm tแบทng kรจm rแบฅt thฦกm nhรฉ shop ฦกi! Lแบงn sau mรฌnh sแบฝ แปงng hแป tiแบฟp ha."
5,Vแปฃ mรฌnh bแบฃo ฦฐng รฝ. Mแบทc ฤแบนp khรดng chรช.,"ฤรขy laฬ lรขฬn thฦฐฬ 2 tรดi mua saฬn phรขฬm.
Tรดi thรขฬy rรขฬt ฦฐng yฬ. Saฬn phรขฬm ฤuฬng maฬu, ฤuฬng nhฦฐ  hiฬnh quแบฃng cรกo. Chรขฬt vaฬi rรขฬt ok, thoaฬng maฬt.Co giรฃn tแปt, khรดng bแป xรน khi giแบทt. Hรng khรก bแปn vร giแปฏ mรu tแปt.Form dรกng chuแบฉn ฤรบng size cแปงa mรฌnh.
Mฤฬฃc vaฬo treฬ thรชm mรขฬy tuรดฬi. Hihi Xแปฉng ฤรกng tiแปn thฦฐแปng cแปงa vแปฃ rแปi."
5,"Chแบฅt Lฦฐแปฃng Tแปt, Giรก Cแบฃ Hแปฃp Lรฝ.Giao hรng nhanh.","Mรฌnh ฤรฃ nhแบญn hรng sแปm hฦกn dแปฑ kiแบฟn giao hรng 1 ngรy. Rแบฅt hรi lฦฐแปฃng vรฌ chแบฅt lฦฐแปฃng giao hรng nhanh. Vแป sแบฃn phแบฉm ฤรฃ mua, mรฌnh ฤรฃ ฤฤng kรญ mua 2c mรu xanh size M tแบกi shop nรy. Hiแปn tแบกi ฤรฃ nhแบญn ฤฦฐแปฃc hรng vร ฤรฃ khui box. Vแป giao diแปn sแบฃn phแบฉm khรก ฤแบนp, tฦฐฦกi sรกng. Chแบฅt liแปu vแบฃi ฤฦฐแปฃc quแบฃng cรกo lร cotton thรฌ mรฌnh cแบฃm nhแบญn thแบฅy cรณ vแบป ฤรบng( khรก mรกt, mแปm mแบฃi, cรณ khแบฃ nฤng co giรฃn tแปt nhฦฐng khรดng bแป biแบฟn hรฌnh nhฦฐ mแปt sแป sแบฃn phแบฉm rแบป tiแปn mร mรฌnh ฤรฃ tแปซng trแบฃi nghiแปm "" vรญ dแปฅ nhฦฐ 1 shop top 1 tแบกi tiki luรดn"". Cรณ 1 ฤiแปm mร mรฌnh thแบฅy khรก hay cแปงa shop nรy lร cรณ thรชm phแบงn tri รขn khรกch hรng mua hรng bแบณng quร tแบทng. ฤรณ lร ฤiแปm mรฌnh cแบฃm thแบฅy thรบ vแป nhiแปu ฤรณ ak . Hy vแปng shop bรกn hรng vร tiki tiแบฟp tแปฅc xรขy dแปฑng cรกch thแปฉc bรกn hรng nhฦฐ thแบฟ nhรฉ. Luรดn tin tฦฐแปng vรฃ sแบตn sรng tiแบฟp tแปฅc แปงng hแป. P/s : Hรดm nay thแปi tiแบฟt mรกt mแบป, mแบทc ฤแป mua rแบฅt thoแบฃi mรกi nรชn thรญch viแบฟt nhiแปu. Mong tiki ฤแปซng chรช, mong cรกc bรกc ฤแปซng gแบกch ฤรก.hehe"
5,"Chแบฅt lฦฐแปฃng tแปt, giรก cแบฃ hแปฃp lรฝ.","Mรฌnh ฤแบทt hรng vร nhแป TIKi giao ฤรบng vรo dแปp sinh nhแบญt รดng xรฃ. May mร bรชn TIKI team hแป trแปฃ nhiแปt tรฌnh nรชn giao sแบฃn phแบฉm sแปm hฦกn cแบฃ mong ฤแปฃi nแปฏa. รo ฤรบng nhฦฐ hรฌnh, vแบฃi cลฉng ฤฦฐแปฃc. Vรฌ mรฌnh mua tแบทng nรชn cลฉng ko ฤฦฐแปฃc xem sp tแบญn mแบฏt. Nhฦฐng cลฉng khรก lร ok rแปi. Xin cแบฃm ฦกn"
5,"Sแบฃn phแบฉm tแปt, chแบฅt lฦฐแปฃng dแปch vแปฅ chu ฤรกo,nhiแปt tรฌnh.","Sแบฃn phแบฉm  ฤแบนp ,รกo mแบทc vรo rแบฅt mรกt mแบป,quรก thรญch luรดn,chแบฅt liแปu co giรฃn tแปt.
๐๐Triแปu like cho sแบฃn phแบฉm nรy,lฤฉnh lฦฐฦกng mua thรชm mแปi ฤc.
Cรฒn ฤฦฐแปฃc tแบทng kรจm tรบi thฦกm treo tแปง quแบงn รกo.
Shop chu ฤรกo, chแบฅt lฦฐแปฃng phแปฅc vแปฅ tแปt."
5,"Chแบฅt lฦฐแปฃng แปn, hรฌnh thแปฉc ฤแบนp, giao hรng nhanh.","Giao hรng nhanh. Sแบฃn phแบฉm vแป hรฌnh thแปฉc giแปng nhฦฐ quแบฃng cรกo,vแป chแบฅt lฦฐแปฃng cรณ lแบฝ phแบฃi sแปญ dแปฅng 1 thแปi gian mแปi ฤรกnh giรก chรญnh xรกc ฤฦฐแปฃc tuy nhiรชn vแปi chi phรญ ฤแป cรณ mรณn hรng thรฌ hรi lรฒng."
5,Hรi lรฒng.,"รo chแบฅt lฦฐแปฃng tแปt, mรฌnh ฤรฃ mแบทc vรi lแบงn vร ฤem giแบทt mรกy ฤแปu ko cรณ vแบฅn ฤแป gรฌ cแบฃ. Mรu sแบฏc thรฌ vแบซn vแบญy. Ko bแป giรฃn, ko xรน. Nhฦฐ vแบญy lร khรก tแปt."
5,"รo ฤแบนp, chแบฅt lฦฐแปฃng, giรก phรน hแปฃp.","Mรฌnh ฤรฃ nhแบญn ฤฦฐแปฃc รกo, รกo rแบฅt tแปt rแบฅt hรi lรฒng. Anh bแบกn ฤแปng nghiแปp cแปงa mรฌnh  muแปn mua thรชm hai cรกi รกo nแปฏa khรดng biแบฟt shop  cรฒn khuyแบฟn mแบกi khรดng nhแป?"
5,Rแบฅt hรi lรฒng vร ฦฐng รฝ.,"รo ฤแบนp ,chแบฅt liแปu mรกt mแบป, form dรกng ฤฦฐแปฃc. 
Mแปi thรดng tin giแปng nhฦฐ ฤฤng bรกn, mรฌnh tin tฦฐแปng vร แปงng hแป shop tiแบฟp thแปi gian tแปi nhรฉ."
4,Hรi lรฒng,"Nhแป cรณ Tiki Now nรชn sแบฃn phแบฉm giao rแบฅt nhanh.  Vแบฃi ok, mรu sแบฏc ฤa dแบกng. Mรฌnh mua mแบฅy mรu dแป mแบทc nhแบฅt cho chแปng. Hy vแปng ko dรฃn nhanh vร loang mรu.
Tuy nhiรชn, ko hรi lรฒng แป chแป: 4 cรกi รกo bแป gรณi trong 1 cรกi hแปp nhแป. Mแป ra thแบฅy รกo bแป cuแปn cong, kiแปu cแป nhรฉt cho vแปซa cรกi hแปp =.="
4,Hรi lรฒng,"ฤรฃ mua vร chแบฅt lฦฐแปฃng รกo + ฤฦฐแปng may tแปt.
Tuy nhiรชn giรก ฤรขy lร 85k so vแปi sแบฃn phแบฉm khรกc cแปงa shop:
https://tiki.vn/ao-thun-nam-5s-co-tron-cao-cap-tre-trung-thoang-mat-tham-hut-mo-hoi-nhieu-mau-p46354233.html?spid=46354237
chแบฅt lฦฐแปฃng รกo y chang nhฦฐng chแป cรณ 59K thรดi. Nรชn mua bรชn 59k ฤแป tiแบฟt kiแปm hฦกn."
3,Tiki chฦฐa xแปญ lรฝ ฤฦกn hรng trแบฃ รกo,"Mรฌnh cรณ yรชu cแบงu trแบฃ รกo vร shipper ฤรฃ lแบฅy hรng ฤi ngรy 16.03 ฤแบฟn nay chฦฐa cรณ bแบฅt cแปฉ phแบฃn hแปi gรฌ tแปซ tiki. mong tiki kiแปm tra tรฌnh trแบกng ฤฦกn hรng, mรฌnh rแบฅt muแปn biแบฟt tรฌnh hรฌnh."
5,ฤuฬng nhฦฐ mรด taฬ,Mฤฬฃc thรขฬm huฬt mรดฬ hรดi thรขฬฃt. Khaฬ maฬt. cฦฐฬ tฦฐฦกฬng giaฬ reฬ thiฬ chรขฬt cuฬng xรขฬu. Nhรขฬฃn haฬng thiฬ suy nghiฬ khaฬc r. Vote cho shop 5sao
5,Raฬt thiฬch,Chรขฬt vaฬi co giaฬn. sฦกฬ vaฬo maฬt. Tฦฐฬng mua aฬo coฬ chฦฐฬ B cuฬa shop. chรขฬt naฬy maฬt hฦกn chรขฬt logo chฦฐฬ B
5,Cแปฑc kรฌ hรi lรฒng,"รกo chแบฅt ฤแบนp giรก rแบป, thรญch cรกi mรกc nรy in luรดn trรชn รกo nรชn ko bแป cแปm แป gรกy nhฦฐ mแปt sแป รกo khรกc"
5,Vaฬi maฬt,"Co giaฬn tรดฬt. GIAฬ reฬ, chรขฬt lฦฐฦกฬฃng naฬy so vs mฦฐฬc giaฬ 79k laฬ quaฬ ok rรดฬi. Sฤฬp ฤuฬ bรดฬฃ sฦฐu tรขฬฃp maฬu cuฬa shop"
5,Cแปฑc kรฌ hรi lรฒng,"ฤรฃ nhแบญn ฤฦฐแปฃc hรng, khรดng chรช vรo ฤรขu ฤฦฐแปฃc ,tiแบฟp tแปฅc แปงng hแป thฦฐฦกng hiแปu vร cแบฃ shop iu nแปฏa"
5,Cแปฑc kรฌ hรi lรฒng,"Hรng sale off hay sao รฝ, thแบฅy ghi trรชn cแป รกo lร 179k, mแบทc thoแบฃi mรกi hฦกn so vแปi giรก 79k. ฤi chฦกi cลฉng ฤแบนp"
5,Cแปฑc kรฌ hรi lรฒng,"Vแบฃi mแปng nhฦฐng co dรฃn tแปt, mแบทc rแบฅt mรกt vร รดm. Chแปu khรณ tแบญp ngแปฑc lรชn 1 tรญ lร mแบทc sแบฝ rแบฅt tuyแปt :)"
5,Rแบฅt hรi lรฒng,"Hรng giแปng trong แบฃnh 
Mแบทc vแปซa ngฦฐแปi thoแบฃi mรกi
Cรณ ฤiแปu hฦกi nhiแปu chแป thแปซa chรบt
Nรณi chung lร sแบฃn phแบฉm แปn, รกo ฤแบนp"
3,Bรฌnh thฦฐแปng,"Tiki giao hรng nhanh, sแบฃn phแบฉm nhฦฐ hรฌnh chแป cรณ ฤiแปu lร mแบทc รกo nรy ฤi nแบฏng thรฌ rแบฅt nรณng ฤรณ khรดng thoรกt nhiแปt ฤฦฐแปฃc"
1,Rแบฅt khรดng hรi lรฒng,size รกo khรดng ฤรบng tiรชu chuแบฉn quรก thแบฅt vแปng ฤแป nghแป tiki khรดng hแปฃp tรกc vแปi shop nรy. mแบฅt hแบฟt cแบฃ uy tรญn
4,Hรi lรฒng,"Hรng ฤแบนp, ฤรบng mแบซu, chแบฅt lฦฐแปฃng vแบฃi dรน loแบกi thฦฐแปng so vแปi giรก."
5,Cแปฑc kรฌ hรi lรฒng,"รo ฤแบนp, giแปng nhฦฐ hรฌnh. Mรฌnh cแบฃm thแบฅy mua hรng trรชn Tiki rแบฅt tin cแบญy."
1,Rแบฅt khรดng hรi lรฒng,giao sai size ko cho ฤแปi cรฒn khรดng nhแบญn lร mรฌnh bรกn
1,Rแบฅt khรดng hรi lรฒng,giao khรกc hoรn toรn trong hรฌnhร cรฒn chแบญt hฦกn nลฉa
1,Rแบฅt khรดng hรi lรฒng,"khรดng nhฦฐ shop ฤรฃ ra size , รกo size xl mร nhฦฐ size M"
2,Khรดng hรi lรฒng,"khรดng giแปng nhฦฐ trong hรฌnh
chแบฅt lฦฐแปฃng thแบฅp"
5,Cแปฑc kรฌ hรi lรฒng,"ฤแบนp, mรu chแปฅp trong แบฃnh khรกc mรu รกo quรก"
1,Rแบฅt khรดng hรi lรฒng,"ฤแบทt 2 รกo size M vร L,
รกo size M to hฦกn cแบฃ รก size L.
mแบทc rแปng cแบงn lแปi giแบฃi thรญch tแปซ shop.
(รกo size M cho 1 sao vรฌ quรก to)"
1,Rแบฅt khรดng hรi lรฒng,"xรขฬu,,,,polo j mร hiฬnh aฬnh trรชn trang web baฬn haฬng thiฬ ok mร haฬng giao xรขฬu. 
mua tiki mรขฬy lรขฬn lรขฬn naฬo haฬng cuฬng tแป .bแป luรดn"
5,Cแปฑc kรฌ hรi lรฒng,QUร NHANH.....QUร NGUY HIแปM.....MรNH RแบคT ฦฏNG Vแป SแบขN PHแบจM.....KO Cร CHแป NรO ฤแป CHร Cแบข.....THANKS SHOP Vร TIKI NHร....
2,Khรดng hรi lรฒng,"Giao hรng ฤแบฟn tแบญn 10 ngรy, rแบฅt rแบฅt chแบญm. 
Hรng ฤeo, giao ฤรบng mแบซu, chแบฅt liแปu vแบฃi mแปm, mรกt"
4,Hรi lรฒng,"sp khรก ฤแบนp chแบฅt liแปu mแปm mรกt ,chฦฐa mแบทc nรชn chฦฐa biแบฟt cรณ bแป xรน lรดng khรดng"
5,Cแปฑc kรฌ hรi lรฒng,รo ฤแบนp mรฌnh mua cแบฃ bแป cแปงa shop mแบทc rแบฅt thรญch.se mua thรชm
4,Hรi lรฒng,Chแบฅt liแปu vแบฃi mแปm thแบฅm mแป hรดi nhฦฐng sแบฃn phแบฉm ฤรณng gรณi nhรฌn cลฉ ko sang.
2,Khรดng hรi lรฒng,ฤแบทt seri M mร nhแบญn hรng lแบกi lร 2XL mแบทc ngang vรกy
4,Hรi lรฒng,"chแบฅt รกo ฤแบนp nhฦฐng khรดng hรi lรฒng, vรฌ mua mรu xanh lแบกi giao mรu xรกm"
1,cแปฑc kแปณ vแป vแบฉn,"Hรng mแปng, side XXL mร ngแบฏn cลฉn cแปกn. Khuyรชn cรกc bแบกn ฤแปซng mua"
5,Cแปฑc kรฌ hรi lรฒng,รo khoรกc ฤแบนp xแปn xรฒ nha shop. Rแบฅt thรญch mua hรng trรชn tiki
4,Hรi lรฒng,giรก tiแปn vร sแบฃn phแบฉm thรฌ tแบกm แปn rแปi...............
5,Thรญc lแบฏm nha,"Rแบฅt thรญc nรจ , แปงng hแป shop dรi dรi mรฃi yรชu tiki yรชu"
5,Cแปฑc kรฌ hรi lรฒng,rแบฅt okรช
4,Hรi lรฒng,Ok
5,Cแปฑc kรฌ hรi lรฒng,
5,Cแปฑc kรฌ hรi lรฒng,
5,Cแปฑc kรฌ hรi lรฒng,
4,Hรi lรฒng,
5,Cแปฑc kรฌ hรi lรฒng,
1,Rแบฅt khรดng hรi lรฒng,"Rแบฅt khรดng vแปซa lรฒng vแปi sแบฃn phแบฉm khi kรชu lร oversize 45~69kg trong khi mรฌnh chแป 50kg mร mแบทc vแปซa chแบญt vแปซa ngแบฏn, cแปฉ nhฦฐ ฤi mua ฤแป mร k lแปฑa size trong khi khรดng cรณ gแปi hแปi xem khรกch hรng muแปn mua bao nhiรชu mรu hay hแปi xem cรณ cรn up size to cho nam hay khรดng ... nแบฟu cรณ -1 ~ -5 sao tแป sแบฝ cho -3"
1,Rแบฅt khรดng hรi lรฒng,"sแบฃn phแบฉm rแบฅt tแป,shop bแบฃo hรฌnh ฤฤng giแปng thแบญt thแบฟ mร sแบฃn phแบฉm nhฦฐ thแบฟ nรy ฤรบng chuแบฉn treo ฤแบงu dรช bรกn thแปt chรณ"
1,Ko hรi lรฒng,รo cลฉng ฤฦฐแปฃc nhฦฐng รกo khรกc hรฌnh tay รกo rแบฅt ngแบฏn รกo lรบc khui cรณ mรนi rแบฅt khรณ chแปu nแบฟu ฤc mรฌnh muแปn tiki ฤแปi รกo giรบp mรฌnh hoแบทc lแบฅy lแบกi hรng vร hoรn tiแปn giรบp mรฌnh
5,Cแปฑc kรฌ hรi lรฒng,"69k giรก hแปฃp lรฝ cho 1 chiแบฟc รกo mแปm mแปn,  mรu sแบฏc ฤแบญm ฤร ฤแบนp mแบฏt hฦกn trong hรฌnh."
4,Hรi lรฒng,mรฌnh ฤรฃ nhแบญn ฤฦฐแปฃc hรng ฤแบนp oke nhฦฐng ngแบฏn quรก shop ฦกi mรฌnh ko mแบทc ฤฦฐแปฃc shop cรณ thแป ฤแปi cho ฤฦฐแปฃc ko แบก
5,Cแปฑc kรฌ hรi lรฒng,๐๐๐๐๐๐๐๐๐๐๐๐๐๐๐๐๐๐๐๐๐๐๐๐๐๐๐๐๐๐๐๐๐๐
1,Rแบฅt khรดng hรi lรฒng,"Chแบฅt liแปu vแบฃi thun loแบกi thฦฐแปng khรดng tแปt, hรฌnh in khรดng ฤแปu mรu.
Giรก bรกn rแบป nรชn giรก nรo cแปงa nแบฅy"
3,Bรฌnh thฦฐแปng,รกo mรu ฤแบนp nhฦฐng cแป รกo khรกc vแปi trong hรฌnh.Nรณ ฤฦฐแปฃc sแปญa lแบกi
1,sแบฃn phแบฉm rแบฅt tแป,"รo nhแป, รกo freesize dฦฐแปi 69kg mร mรฌnh 50kg mแบทc thแบฅy rแบฅt chแบญt. Vแปi lแบกi vแบฃi mแปng kinh luรดn."
5,Cแปฑc kรฌ hรi lรฒng,sแบฃn phแบฉm vแปซa ship vแป rแบฅt vแปซa รฝ chแบฅt vแบฃi tแปt dรy khรดng nhฤn
5,khรดng hรi lรฒng vแป mรu รกo,"form รกo ฤแบนp, chแบฅt vแบฃi ฤi ฤรดi vแปi giรก tiแปn, dรy nhฦฐng khรดng phแบฃi tแปt, phแบงn chแปฏ in khรก dแปm, giแบทt vรi lแบงn lร trรณc, nhฦฐng cลฉng แปn
ฤiแปu duy nhแบฅt t khรดng thรญch แป ฤรขy lร cรกi phแบงn mรu kem nรณ ฤแบญm hฦกn so vแปi hรฌnh nhร bรกn hรng cung cแบฅp
:(((
nรณi chung lร รกo cลฉng tแบกm, lรบc nhแบญn hรng thแบฅy รกo hฦกi hแปฅt hแบซng vรฌ nรณ k nhฦฐ mk mong ฤแปฃi :(((("
5,Cแปฑc kรฌ hรi lรฒng,"Giao hรng nhanh, รกo cแปฑc ฤแบนp, vแบฃi rแบฅt ok, nhรฌn trรชn hรฌnh cรณ vแบป mแปng nhฦฐng khi nhแบญn sp vแบฃi rแบฅt tแปt.  Mn nรชn mua"
5,Hรng ok vแปซa tรบi tiรชn. 100k แปn k ฤรฒi hแปi thรชm.,65kg cao 1m73 vแปซa mแบทc nแบฟu lแปn hฦกn chแบฏc chแบญt k vฦฐa hoac om sรกt. Hang dep phแป thรดng vแปซa tรบi tien. Giรก vแบญy hang vแบญy hแปฃp lรญ cรณ 100k nรชn k ฤรฒi hแปi nhฦฐ 300-400k duoc
5,Rแบฅt hรi lรฒng,"Giao hรng nhanh, gรณi ฤแบนp, sแบฃn phแบฉm nhฦฐ hรฌnh. 1m73 65kg rแบฅt vแปซa nha mแปi ngฦฐแปi"
5,hรng ฤแบนp,"vแบฃi ฤแบนp ,giao hรng nhanh hฦกn dแปฑ kiแบฟn. nhรขn viรชn giao hรng thรขn thiแปt .tรดi lแปฑa chแปn tiki lร ฤรบng"
1,Rแบฅt khรดng hรi lรฒng,รo ko giแปng nhฦฐ hรฌnh. nhฤng nheo ฤแป cลฉ lแบงn ฤแบงu tiรชn cลฉng nhฦฐ lแบงn cuแปi.
5,Hai Long khi mua,Mua tรดi toi hai Long giao nhanh dung hang dung mau ao gia ca binh thฦฐฦกฬng chat lฦฐฦกฬฃng tรดฬt  thiฬch vi caฬc ban phuฬฃc vu uy tin
4,tแปt,sp.giแปng hรฌnh 100%.vแบฃi mแปn. mแบทc thoแบฃi mรกi. mรu ฤแบนp. bรชn trong ao co nhลฉng sแปฃi long nhแป. รขm ap khi ฤรดng vแป
1,tรชฬฃ,luฬc chฦฐa giฤฬฃt thiฬ nhฦฐ hiฬnh quaฬng caฬo.giฤฬฃt rรดฬi laฬ lem maฬu sau lฦฐng tuฬm lum.
1,Rแบฅt khรดng hรi lรฒng,"khรดng nhฦฐ giแปi thiแปu sรn phแบฃm,chฦฐa tแปt lแบฏm.Mong nhร cung cแบฏp xem lแบกi ฤแป phแปฅc vแปฅ ฤฦฐแปฃc tแปt hฦกn"
4,Hรi lรฒng,"Chแบฅt lฦฐแปฃng tแปt vร mแบซu mรฃ hแปฃp vแปi cรกc ฤแป tuแปi.
ฤiแปm trแปซ: Cแปก XL (tiรชu chuแบฉn nhร Sแบฃn xuแบฅt VN) mร nhแป tแปฑa cแปก M tiรชu chuแบฉn chung chรขu รu. Ngฦฐแปi VN bรขy giแป hรฌnh thแป ฤรขu cรฒn cรณ cรฒm nhom, nรชn cแบงn thay ฤแปi tiรชu chuแบฉn kรญch cแปก, hฦกn nแปฏa, thแปi tiแบฟt nรณng viแปc mแบทc รกo chแบญt thรฌ khรดng dแป chแปu."
3,Bรฌnh thฦฐแปng,vแบฃi thi ฤฦฐแปฃc nhug mร size v thi k ฤรบng. Size L of shop thi 70_79kg. ck minh co 56 kg mac size L con bแป chแบญt nua. ฤแป nghi shop nรชn ฤแป size lai chแปฉ ฤแป nhฦฐ v thi se chon ฤแป k ฤung size ฤuoc
1,ฤรกnh giรก sแบฃn phแบฉm quรก tแป,Khรดng ra gรฌ. Khรดng mแบทc ฤฦฐแปฃc. ฤแบทt xl mร nhแป nhฦฐ size S. Trแปi ฦกi lร trแปi. Sao mร mแบทc????
1,Rแบฅt khรดng hรi lรฒng,shop tฦฐ vแบฅn size M tแปซ 60 ฤแบฟn 65kg mร mua vแป sแปt vรด tแปi ngแปฑc lร chแบญt cแปฉng ko vรo dc rแปi. mรฌnh 64kg
5,Cแปฑc kรฌ hรi lรฒng,"รo ฤแบนp, giรก hแปฃp lรฝ, nรชn mua แบก"
5,Cแปฑc kรฌ hรi lรฒng,"รo ฤแบนp, chแบฅt lฦฐแปฃng phรน hแปฃp vแปi giรก."
1,Rแบฅt khรดng hรi lรฒng,"Sp quรก tแป, khรดng thแป mแบทc ฤฦฐแปฃc"
5,Cแปฑc kรฌ hรi lรฒng,"รกo ฤแบนp, giแปng แบฃnh mแบซu"
4,Hรi lรฒng,Cลฉng ฤฦฐแปฃc
5,Cแปฑc kรฌ hรi lรฒng,cแปฑc hรi lรฒng
4,chแบฅt lฦฐแปฃng sp,"ฤฦฐแปng kim mลฉi chแป khรก แปn, chแบฅt vแบฃi sแป vรo mแปn ฤแปu , รกo mแบทc rแบฅt hแปฃp cho mรนa thu ฤรดng"
5,Cแปฑc kรฌ hรi lรฒng,nรชn mua รกo rแบฅt giแปng nhฦฐ แบฃnh 2 lแปp mแปm cรณ tรบi trog dแป ฤแปฑng thแปฉ qtrong nhแป nhแบทt
5,Cแปฑc kรฌ hรi lรฒng,"hรng ฤแบนp,chuแบฉn,rแบฅt ฤรบng vแปi hรฌnh แบฃnh,giao hรng nhanh."
4,Hรi lรฒng,"รo khoรกc ฤแบนp, tแปt trong tแบงm giรก. cแบฃm ฦกn shop vร tiki"
5,Cแปฑc kรฌ hรi lรฒng,แปn trong tแบงm giรก.ฤฦฐแปng may ฤแบนp.
5,Cแปฑc kรฌ hรi lรฒng,Sแบฃn phแบฉm rแบฅt tแปt vแปi tแบงm giรก.
5,Cแปฑc kรฌ hรi lรฒng,ao khรก giแปng hรฌnh . hรi long 100%
3,Bรฌnh thฦฐแปng,tแบกm แปn vแปi mแปฉc giรก ฤรณ
5,Cแปฑc kรฌ hรi lรฒng,haฬng giฬ lฤฬm ae nรชn mua
3,Bรฌnh thฦฐแปng,ฤรบng nhฦฐ hรฌnh
5,Quรก tuyแปt zแปi =))))),Hรng ship nhanh hฦกn dแปฑ kiแบฟn rแบฅt nhiแปu. รo ฤแบนp khรดng bแป lแปi tuy nhiรชn chแบฅt vแบฃi chฦฐa ฤฦฐแปฃc theo รฝ cแปงa mรฌnh lแบฏm. Nhฦฐng trong tแบงm giรก nรy thรฌ mรฌnh thแบฅy nhฦฐ nรy lร quรก tuyแปt. Luรดn แปงng hแป tiki
5,Cแปฑc kรฌ hรi lรฒng,รo from rแปng khรกc lร ok  chแบฅt  ฤแบนp mแบทc  rแบฅt thoแบฃi mรกi giao hรng nhanh hฦกn dแปฑ kiแบฟn   Rแบฅt hรi lรฒng nรชn cho shop 5 sao lun ๐
5,Phong kha rแปng,Vแปซa ngฦฐแปi cแป รกo vแปซa ngฦฐแปi. Thรขn รกo dรi giรก gia lรญ. Thun thuong. 70k la dep rแบป hฦกn ra chแปฃ. แป nha giao tแบญn nฦกi. Tรดi yรชu thแบฟ kแป 21
4,Hรi lรฒng,รกo ฤแบนp nhฦฐ trong hรฌnh nhฦฐng mรฌnh thแบฅy chแบฅt liแปu vแบฃi cung hฦกi kรฉm(vรi mแปng cแปฑc luรดn) nรณi chung tแบงm giรก nรy thรฌ cลฉng oke
4,0 hoรn toรn giแปng mรด tแบฃ,รo theo mรด tแบฃ lร tay lแปก nhฦฐng thแปฑc tแบฟ lร tay ngแบฏn bรฌnh thฦฐแปng dรน chi tiแบฟt trรชn รกo chรญnh xรกc.
5,ฤแบนp,รo ฤแบนp la cam nhan ฤแบงu  tiรชn tรดi hai long voi cรกch giao hang cรกc bแบกn hop gแปi hang chu dao dรฉp va ki luong
4,Hรi lรฒng,"hรng ship nhanh hฦกn dแปฑ kiแบฟn 
tuy phรดng รกo hฦกi rแปng nhฦฐng tรดi rแบฅt hรi lรฒng vแป sแบฃn phแบฉm vร cรกch giao hรnh cแปงa tiki"
5,Cแปฑc kรฌ hรi lรฒng,rแบฅt giแปng mo tแบฃ giao hรng xรณm a dao hรng rแบฅt chu ฤรกo รกo ฤแบนp
5,รo phรดng rแปng tแบงm size L Nam,"Vแบฃi mแปn, chแบฅt liแปu tแปt.. 
Cแบฃm thแบฅy hรi lรฒng. Sแบฃn Phแบฉm y hรฌnh. Cรกm ฦกn Shop nhiแปu"
4,Hรi lรฒng,"sp ok, tแปt. Chแบฏc do tแปn kho lรขu hay j mร cรณ 1 ฤoแบกn chแป bแป sรบc nhฦฐng ko sao."
4,Hรi lรฒng,"Cแป รกo phรญa trฦฐแปc hฦกi cao, mแบทc bแป cแบฅn cแป. Cรฒn lแบกi thรฌ ok. Vแบฃi รกo thoรกng, mรกt. Mแบทc thรญch. Ship hรng nhanh. Nแบฟu phแบงn cแป trฦฐแปc cแบฏt sรขu xuแปng 1 tรญ ko chรช ฤc ฤiแปm nรo nแปฏa."
5,5 sao,"chแบฅt thun cแปฑc ฤแบนp, ฤฦฐแปng may chแบฏc chแบฏn, hรng ฤรณng gรณi kแปน cรng, mแบทc rแบฅt thoแบฃi mรกi, sแบฝ tiแบฟp tแปฅc mua hรng cแปงa shop!"
3,Bรฌnh thฦฐแปng,chแบฅt vแบฃi ko thแบฅm hรบt mแป hรดi ฤรขu ah. so vแปi giรก thรฌ chแบฅt lฦฐแปฃng nhฦฐ vแบญy lร thแปa ฤรกng mn ah ๐
5,Qรบa hรi long,"Chแปng mแบทc thรญch nhe. รo ฤรบng hรฌnh, mแบทc vรo nhฦฐ bแบฃng mรด tแบฃ size. Tiแบฟp tแปฅc mua khi cรณ nhu cแบงu."
5,ฦฏng รฝ,"Sแบฃn phแบฉm ฤแบนp, thun mแบทc mรกt. ฤรฃ giแบทt vร khรดng thแบฅy xรน lรดng hay vแบฃi bแป chแบฃy xแป"
5,cแบฃm thแบฅy rแบฅt hรi lรฒng!,"hรng ฤรบng nhฦฐ mรด tแบฃ, mแบทc rแบฅt thoแบฃi mรกi, chแบฅt thun mรกt! cแบฃm thแบฅy rแบฅt hรi lรฒng!"
5,Hรi lรฒng,"Hรi lรฒng. Chแบฅt thun tแปt. Thแปญ giแบทt trฦฐแปc mแบทc,  รกo k chแบฃy xแป, xรน lรดng. Mแบทc mรกt"
4,Hรi lรฒng,"Mแบทc vแปซa vแบทn, vแบฃi dรy, dแป bแป xรน lรดng nhฦฐng vแปi giรก nรy chแบฅp nhแบญn dc"
5,Cแปฑc kรฌ hรi lรฒng,Rแบฅt hรi lรฒng chแบฅt liแปu vแบฃi rแบฅt Ok giao hรng lแบกi rแบฅt nhanh nแปฏa
5,Rแบฅt hรi lรฒng,"Chแบฅt liแปu tแปt, sแบฃn phรขm giแปng hรฌnh. Sแบฝ mua tiแบฟp khi cรณ nhu cแบงu"
5,5 sao,"Tiแปn รญt nhฦฐng hรญt thฦกm chแบฅt lฦฐแปฃng kaki thรฌ theo mรฌnh ฤรกnh giรก lร khรก dรy , lแปp lรณt trong cลฉng ok tแปt , ฤรบng mรด tแบฃ , chแบฅt ok , cรกc ฤแปซong chแป may tinh tแบฟ , bรชn trong รกo cรณ tรบi trong cลฉng khรก tiแปn lแปฃi , khi mรฌnh cแบงn cรณ thแป bแป dc ฤiแปn thoแบกi vรo trong luรดn , m65 szie L mแบทc vแปซa ngฦฐแปi thoแบฃi mรกi luรดn, rแบฅt cแบฃm on shop tฦฐ vแบฅn nhiแปt tรฌnh mร mรฌnh ฤฦฐแปฃc cรกi รกo ฤแบนp ok nhฦฐ vแบญy ! Sแบฃn phแบฉm ฤรบng nhฦฐ mรด tแบฃ , mua hรng online mร chแบฅt vร giรก nhฦฐ vแบญy thรฌ khรดng cรณ gรฌ phแบฃi phรn nรn nแปฏa . Mรฌnh mua hรng online cลฉng nhiแปu mร lแบงn nร phแบฃi nรณi la rแบฅt ฦฐng รฝ luรดn, cแบฃm ฦกn shop nhiแปu nhรฉ , a giao hรng thรขn thiแปn , giao mร mรฌnh cho tiแปn tip ko lแบฅy mร cฦฐแปi cฦฐแปi dแป thฦฐฦกng lแบฏm ! phแบฃi nรณi lร tiki quรก lร ok luรดn , giao nhแบญn nhanh รกo ฤแบนp ! Mong lร tiki vร shop ngรy cรng hoรn thiแปn mรฌnh hฦกn ฤแป cรณ thแป phแปฅc vแปฅ ฤฦฐแปฃc nhiแปu khรกch hรng hฦกn trong thแปi gian tแปi"
5,chแบฅt lฦฐแปฃng 5 sao. รo y hรฌnh. Rแบฅt hรi lรฒng !!!,"Mรฌnh nhแบญn ฤฦฐแปฃc hรng r nha shop, kiแปu dรกng mรu vร size giแปng hรฌnh.
รo form ฤแบนp, size ฤรบng nhฦฐ ฤรฃ hฦฐแปng dแบซn, cรณ tรบi ngoรi tรบi trong rแบฅt tiแปn lแปฃi.
Chแบฅt kaki dรy, ฤฦฐแปng may chuแบฉn ฤรณng gรณi cแบฉn thแบญn, giรก sแบฃn phแบฉm phรน hแปฃp vแปi chแบฅt lฦฐแปฃng. Mแบซu mรฃ ฤฦกn giแบฃn bแบกn mรฌnh mแบทc rแบฅt ฤแบนp.
Sแบฃn phแบฉm ฤแบนp hฦกn trรญ tฦฐแปng tฦฐแปฃng cแปงa mรฌnh, ฤรฃ mua 2 lแบงn lแบงn nรo cลฉng hรi lรฒng hแบฟt. Tiki giao hรng lแบงn nรo cลฉng nhanh, shop bรกn hรng cรณ tรขm chแบฅt lฦฐแปฃng. Cแบฃm ฦกn shop!!!"
5,Chแบฅt luong 5 sao,"Chแบฅt lฦฐแปฃng รกo kaki rแบฅt ฤแบนp , hรng y hรฌnh ฤรบng nhฦฐ mรด tแบฃ 
Chแปng mรฌnh cao khoแบฃng m6 szie M lร ok vแปซa y luรดn , cแป รกo cลฉng khรก tแปt , kรฉo cao lรชn thรฌ che ฤฦฐแปฃc hแบฟt cแป 
รo nรy mรฌnh nghฤฉ trแปi nรณng hay lแบกnh gรฌ chแบฏc cลฉng mแบทc dc hแบฟt vรฌ rแบฅt thoแบฃi mรกi khi mแบทc 
Kaki nhรฌn tแปt so vแปi giรก tiแปn bแป ra , cรณ tรบi trong tรบui ngoรi tiแปn lแปฃi , ฤแป cลฉng vแปซa cรกi iphone 
Tiki thรฌ lแปฑc lฦฐแปฃng giao hรng nhanh phแบฃi nรณi lร tแปt , ฤแบทt cรนng thรnh phแป thรฌ 1 ngรy lร cรณ ! Xin cแบฃm ฦกn shop vร tiki nhรฉ"
5,"hรi lรฒng, hรng ฤแบนp chแบฅt lฦฐแปฃng, giao hรng nhanh","mรฌnh cao 1m60 nแบทng 53kg mแบทc size M lร vแปซa i luรดn, kiแปu dรกng rแบฅt ฤแบนp รดm sรกt ngฦฐแปi
รกo ฤแบนp dรy vร แบฅm, nhแบญn hรng ngay lรบc ฤแปฃt lแบกnh mแบทc cลฉng แบฅm, mแบทc ฤi lรm ฤi chฦกi แปn.
chแบฅt lฦฐแปฃng ok giao hรng nhanh chฤm sรณc khรกch hรng chu ฤรกo 
mแบซu mรฃ ฤฦกn giแบฃn nhฦฐng mแบทc vรo rแบฅt ฤแบนp. ฤรขy lร lแบงn ฤแบงu tiรชn mua hรng tiki mร ฤฦฐแปฃc nhฦฐ vแบญy thรฌ cแบฃm thแบฅy rแบฅt hรi lรฒng.
Chรบc shop ngรy cรng phรกt triแปn"
5,รกo,"รกo khoรกc kaki dรy 2 lแปp vร rแบฅt ฤแบนp , รกo y hรฌnh ฤรบng nhฦฐ mรด tแบฃ  ,szie รกo vแปซa vแบทn mแบทc form tรดn dรกng รกo dรy vร mแบทc rแบฅt thรญch luรดn,  รo nรy mรฌnh nghฤฉ trแปi nรณng hay lแบกnh gรฌ chแบฏc cลฉng mแบทc dc hแบฟt vรฌ rแบฅt thoแบฃi mรกi khi mแบทc Chแบฅt liแปu kaki nhรฌn rแบฅt tแปt so vแปi giรก tiแปn bแป ra , cรณ nhiแปu tรบi , ฤแป ฤฦฐแปฃc nhiแปu loแบกi vแบญt dแปฅng cรก nhรขn , Tiki thรฌ giao hรng nhanh , nhรขn viรชn thรขn thiแปn Chรบc shop ngรy cรng ฤแบฏt khรกch nha 5 sao hรi lรฒng nha"
3,Mรu sแบฃn phแบฉm khรดng ฤรบng nhฦฐ quแบฃng cรกo trรชn mแบกng.,"Tรดi ฤแบทt mua vร nhแบญn ฤฦฐแปฃc sแบฃn phแบฉm ngรy hรดm qua, giรก 279K. Chแบฅt lฦฐแปฃng bรฌnh thฦฐแปng, bรชn ngoรi ฤฦฐแปฃc nhฦฐng bรชn trong nhiแปu chแป dแปc ฤฦฐแปng may cรฒn ฤแป chแป thแปซa ra. ฤiแปm yแบฟu nhแบฅt: mรu kem giแปi thiแปu trรชn mแบกng khรดng ฤรบng vแปi mรu cแปงa sแบฃn phแบฉm giao cho khรกch hรng. Mรu kem nhฦฐ giแปi thiแปu trรชn mแบกng thiรชn vแป mรu vรng kaki bแป ฤแปi , cรฒn mรu giao cho khรกch hรng lร mรu vรng hแปng (cรณ hรฌnh kรจm theo). Liแปu tรดi cรณ thแป ฤแปi lแบฅy mรu kem nhฦฐ giแปi thiแปu trรชn mแบกng hoแบทc mรu xanh rรชu ฤฦฐแปฃc khรดng ?
Xin cแบฃm ฦกn."
5,Cแปฑc kรฌ hรi lรฒng,"ฤรณng gรณi hรng rแบฅt kแปน cรng vร chแบฏc chแบฏn (thรญch nhแบฅt TIKI แป ฤiแปm nรy, dรน hรng lแปn hay nhแป, nแบทng hay nhแบน,  giรก trแป lแปn hay  giรก trแป nhแป ฤแปu ฤฦฐแปฃc ฤแปฑng trong hรดp carton rแบฅt lแปch sแปฑ). Giao hรng nhanh. Shop phแปฅc vแปฅ rแบฅt tแปt. Mรu รกo khรดng hแบณn lร mรu rรชu mร lร mรu xanh bแป ฤแปi thรฌ ฤรบng hฦกn."
1,Rแบฅt khรดng hรi lรฒng,"chแบฅt liแปu vแบฃi loแบกi 3 chuyรชn dรนng may รกo cho cรดng nhรขn xรขy dแปฑng , 2 tรบi รกo may cho vui vรฌ ฤรกy tรบi rแบฅt nรดng , nhแป vร ngang thรnh ra ฤแป cรกi gรฌ vรด tรบi cลฉng rแปt ra , dรขy kรฉo loแบกi rแบป tiแปn kรฉo cแปฉ sฦฐแปฃng sฦฐแปฃng , mua vแป mแปi ngรขm 15 p ฤแป vรฒ sฦก rแปi mแบทc mร ra mรu ฤen thui , ko biแบฟt mแบฅy ngฦฐแปi mua trฦฐแปc ฤรณ thแบฅy sao mร ฤรกnh giรก 5 s ฤc nแปฏa. tรณm lแบกi 1 chแปฏ tแป vรด cรนng ko ฤรกng tiแปn"
1,Giรบp tรดi ฤแปi mแบซu khรกc. thanks,"Xแบฅu quรก xแบฅu, hรฃy ฤแปi giรบp tรดi vแปi.
2 nฤm trฦฐแปc tรดi mua 1 รกo khoรกc trรชn TIKI mแบทc rแบฅt vแปซa รฝ mแบทc liรชn tแปฅc tแปi giแป phai mรu nรชn muแปn mua thรชm, mua trรบng cรกi nรy xแบฅu quรก. ฤแปi dรนm tรดi mแบซu khรกc trรชn tiki vแปi."
4,Hรi lรฒng,"Form รกo khรก แปn, vแปซa รฝ nhแบฅt lร thiแบฟt kแบฟ phแบงn cแป giรบp giแปฏ cแป รกo ฤแปฉng trรดng cao hฦกn chแปฉ ko xรฌu vแบนo, phแบงn ok thแปฉ 2 lร cแป tay รกo nhรฌn tinh tแบฟ, vแบฃi nhฦฐ vแบงy cลฉng ok rแปi. Tuy nhiรชn ฤฦฐแปng chแป may cรณ chแป thแปซa ko cแบฏt tแบญn gแปc vร may ฤแบฏp lรชn nhiแปu nhรฉ, mรฌnh check thรฌ chฦฐa thแบฅy chแป nรo bแป ฤแปฉt hay tuแปt chแป nhฦฐng lแปi gia cรดng thแบฟ nรy dแป tแบกo cแบฃm giรกc bแบฅt an, shop lฦฐu รฝ"
1,Rแบฅt khรดng hรi lรฒng,Nรณi chung chแบฅt lฦฐแปฃng xแบฅu.. xแบฅu kinh khแปงng luรดn... hรng nhแบญn vแป ko giแปng mแบซu trong แบฃnh.. chแบฅt lฦฐแปฃng kรฉm
5,Cแปฑc kรฌ hรi lรฒng,tแปt giao hรng nhanh chแบฅt lฦฐแปฃng
3,Bรฌnh thฦฐแปng,Phom รกo ok. Chแบฅt mรกt hฦกi mแปng mแปt chรบt. Phรน hแปฃp giรก tiแปn
2,Khรดng hรi lรฒng,ฤรบng cแปก nhฦฐng khรดng giแปng nhฦฐ trong hรฌnh
5,Cแปฑc kรฌ hรi lรฒng,tay รกo hฦกi khรกc vแปi hรฌnh แบก
4,Hรi lรฒng,nhรฌn cลฉg ok. cรณ ฤiแปu vแบฃi dรฃn
1,Rแบฅt khรดng hรi lรฒng,รo size M mร rแปng pรบa
5,Cแปฑc kรฌ hรi lรฒng,sแบฃn phแบฉm tแปt
1,Rแบฅt khรดng hรi lรฒng,dแบฃi hk รชm ๐๐
4,Hรi lรฒng,hฦกi rแปng
1,Rแบฅt khรดng hรi lรฒng,"รกo thung dแป tแป vแบฃi thรฌ quรก xแบฅu cรดng thรชm kiแปu cรกch quรก tแป, tแบกi mua mแบฅy mรณn giao chung thรฌ bแบฏt buแปc phแบฃi lแบฅy chแปฉ giao riรชng lร ko bao giแป lแบฅy. tiki lรm ฤn uy tรญn thรฌ phแบฃi coi lแบกi sop hรng nรy."
2,Khรดng hรi lรฒng,"Mรฌnh thแบฅy hฦกi tiแบฟc vรฌ ฤแบฑng trฦฐแปc mแปi chแปฏ NO, ฤแบฑng sau khรดng cรณ gรฌ cแบฃ. รo thรฌ khรดng giแปng hรฌnh, mรu nhแบกt hฦกn nhiแปu, mแปng nแปฏa. Hi vแปng Tiki cรณ thแป xem lแบกi shop nรy!"
1,Rแบฅt khรดng hรi lรฒng,treo ฤแบงu dรช bรกn thแปt chรณ.  cรณ mแปi chแปฏ no cรฒn ฤแบฑg sau k cรณ j cแบฃ  rแบฅt k hรi lodng vแป sแบฃn phแบฉm nรy
1,Rแบฅt khรดng hรi lรฒng,mรฌnh chat hiแปu sao ฤแบทt mua cรกi รกo nรy cรณ mแปi cรกi chแปฉ no ฤแบฑng trฦฐแปc รกo chแปฉ ฤแบฑng sau ko cรณ gรฌ nhฦฐ trong hรฌnh cแบฃ hi vแปng tiki nรชn xem xรฉt lแบกi แบก
5,Cแปฑc kรฌ hรi lรฒng,"sp OK,chแบฅt vแบฃi OK,nแบฟu dรi hฦกn tรญ nแปฏa thรฌ ฤแบนp.nรณi chung lร hรi lรฒng vs sp nhฦฐng giao hรng lรขu quรก,hy vแปng lแบงn sau m sแบฝ kp chแป lรขu ntn nแปฏa."
3,Khรดng chแบฅt lฦฐแปฃng,"รo ngแบฏn hฦกn so vแปi size, vแบฃi mแปng, hรฌnh in bแป lแปi,khรดng giแปng lแบฏm so vแปi hรฌnh. Tรณm lแบกi lร khรดng hรi lรฒng lแบฏm"
5,Cแปฑc kรฌ hรi lรฒng,"ฤแบนp vแบฃi mแปn, y nhฦฐ hรฌnh. cรณ ฤiแปu lร shop giao hฦกi lรขu."
4,hรi lรฒng,"sp ok chแบฅt lฦฐแปฃng cx ฤc, mร giao hรng nhanh, shipper thรขn thiแปn. Khรก hรi lรฒng sแบฝ แปงng hแป lรขu dรi ๐"
5,good,"quรก tuyแปt . Aรณ ฤแบนp ฤรบng แบฃnh nรชn mua nha. Mรu bรชn ngoรi ฤแบญm hฦกn trong แบฃnh xรญu
nhฦฐng vแบซn tuyแปt vแปi"
5,Cแปฑc kรฌ hรi lรฒng,Giao hรng lรขu hฦกn trฦฐแปc phรญ vแบญn chuyแปn hฦกi cao nรณi chung hรi lรฒng vแปi sแบฃn phแบฉm
5,ฤรบng mแบซu ฤรบng mรu fom mแบทc rแบฅt ฤแบนp vแปซa vแบทn. Sแบฝ แปงng hแป shop nแปฏa. Shop lรm ฤn uy tรญn cรกc bแบกn แปงng hแป shop nhรฉ . Thanks,ฤรบng mแบซu ฤรบng mรu fom mแบทc rแบฅt ฤแบนp vแปซa vแบทn. Sแบฝ แปงng hแป shop nแปฏa. Shop lรm ฤn uy tรญn cรกc bแบกn แปงng hแป shop nhรฉ . Thanks
5,Cแปฑc kรฌ hรi lรฒng,รo ฤแบนp ฤรกng tiแปn cแบฃm ฦกn Tiki ฤรฃ mang ฤแบฟn sแบฃn phแบฉm chแบฅt lฦฐแปฃng cho mรฌnh. Cแบฃm ฦกn nhร bรกn hรng uy tรญn mรฌnh sแบฝ แปงng hแป thรชm
5,"vแบฃi dรy nha mng hรฌnh in rแบฅt rรต vร ฤแบนp , cรกc bแบกn nรชn mua ฤi แบก nhฦฐ hรฌnh luรดn รก , cแบฃm nhแบญn thแบญt lรฒng cแปงa mรฌnh nhรฉ โค๐","vแบฃi dรy nha mng hรฌnh in rแบฅt rรต vร ฤแบนp , cรกc bแบกn nรชn mua ฤi แบก nhฦฐ hรฌnh luรดn รก , cแบฃm nhแบญn thแบญt lรฒng cแปงa mรฌnh nhรฉ โค๐"
1,Hรng lแปi may lแปch lแป hแปng ko hแป nhแป,"Hรng lแปi. Nhiแปu chแป thแปซa. Hoa vฤn in trรชn รกo ok. Vแบฃi รกo cลฉng gแปi lร ok. 

Mแปi lร hรg lแปi quรก แบก"
5,Cแปฑc kรฌ hรi lรฒng,รกo ฤรบng nhฦฐ hรฌnh.chแบฅt liแปu vแบฃi cลฉng tแบกm แปn.nhฦฐng phแบงn tay รกo hฦกi rแปng xรญu.nhฦฐng vแปi giรก bรกn nรy thรฌ ok
4,Hรi lรฒng,"thแปฑc sแปฑ thรฌ vs giรก tiแปn nv rแบฅt rแบฅt hรi lรฒng .๐๐
duy nhแบฅt 1 chรบt lแปi lร ฤฦฐแปng chแป แป cแป รกo hฦกi lแปi xรญu nhฦฐng vแบซn ok"
4,Hรi lรฒng,hรng ฤรบng mแบซu chแบฅt lฦฐแปฃng thรฌ chฦฐa biแบฟt ฤฦฐแปฃc nhฦฐng giรก nรy lร quรก hแปฃp lรฝ cแบฃm ฦกn shop nhรฉ
4,Hรi lรฒng,"cw แปn chแบฅt liแปu vแบฃi ko ฤc tแปt cho lm nhฦฐng cw phรน hแปฃp vs giรก tiแปn mร nรณi chung lร แปn
em cแบฃm ฦกn shop แบก"
3,Bรฌnh thฦฐแปng,chแป แป cรบc sแบฏp bung hแบฟt ra rแปi cรฒn cแบฃ ฤฦฐแปng chแป แป gแบฅu รกo nแปฏa cลฉng sแบฏp bung hแบฟt ra rแปi
3,Bรฌnh thฦฐแปng,Hรng OK ฤแบนp giao ฤรบng ngรy tuy thu sai quy ฤแปnh 2 ฤฦกn mรฌnh mua cลฉng lรบc tแปng 257 thu lรชn 260k
5,Cแปฑc kรฌ hรi lรฒng,"Quรก tuyแปt vแปi รกo mแบทc hแปฃp vแปi vรณc dรกng cรฒn ngแบงu chแบฅt nแปฏa chแปฉ, sแบฃn phแบฉm nรy rแบฅt tuyแปt"
5,Jjhn,Sรi tแปt chแบฅt lฦฐแปฃng ๐ ๐ ๐ ๐ ๐ ๐ ๐ ๐ ๐ ๐ ๐ ๐ ๐ ๐ ๐ ๐ ๐ ๐ ๐ ๐ ๐
3,Bรฌnh thฦฐแปng,Em cรณ thแป size lแปn ko em cรณ ฤแบทt vแป mร nhแป quรก ko mแบทc vแปซa
1,Rแบฅt khรดng hรi lรฒng,รo thรฌ ok mร gแปญi sai mรu mong shop lรm ฤn cho ฤรบng mรu khรกch ฤแบฃ chแปn
1,Rแบฅt khรดng hรi lรฒng,mรu khรกc mแบซu nha shop ฦกi kรฌ quรก vแบญy
3,Bรฌnh thฦฐแปng,"vแบฃi hฦกi mแปng, hแปa tiแบฟt ko giแปng trรชn hรฌnh"
5,Cแปฑc kรฌ hรi lรฒng,รกo ฤแบนp tuy nhiรชn vแบฃi hฦกi mแปng so vแปi mรฌnh
4,Hรi lรฒng,giao khรดng giแปng mรu hแปa tiแบฟt nhฦฐng giao hรng sแปm nรชn cho 4 sao
1,Chat vai ki cuc,Chat vai xau k giong trong vai dแปm khong sao nhe hhhhhh
5,Cแปฑc kรฌ hรi lรฒng,hรng chแบฅt lฦฐแปฃng em rแบฅt hรi lรฒng
5,"Chแบฅt, rแบฅt rแบฅt chแบฅt.","รo trแบฏng cแปงa shop thแบฟ nรy lร mรฌnh ฤรฃ lo lแบฏng rแปi.ฤแบนp quรก, sao mแบทc dรกm ฤi ra ngoรi chแปฉ.
Mแปi nhรฌn thแบฅy thรดi lร ฤรฃ happy lแบฏm. Chแบฅt vแบฃi sแป sแป tรฝ mร sฦฐแปฃng cแบฃ tay, mรกt ghรช, co giรฃn lแบกi quรก mแปฉc tuyแปt luรดn. Thแบฟ nรy lร ok lแบฏm rแปi,. Mua hรng online mร แบฅn tฦฐแปฃng quรก.
Ok cho 5* cho bรต ghรฉt."
5,Rแบฅt hรi lรฒng vร ฦฐng รฝ.,"Tรดi ฤรฃ nhแบญn ฤฦฐแปฃc hรng ฤรบng thแปi gian dแปฑ kiแบฟn. Vแป sแบฃn phแบฉm rแบฅt ฤรกng ฤแปng tiแปn bแบฏt gแบกo ae lรm ฤรดi bแป chฦกi chฦกi, ฤฦฐแปng may giแปng nhฦฐ ฤiรชu thuyแปn lun รก.! Mรu mรจ tแปt khรดng xuแปng mรu , nhฦฐ vแบญy so sรกnh vแปi cรกc thฦฐฦกng hiแปu nแปi tiแบฟng lร khรก แปn nha. Cแบฃm nhแบญn quรก tuyแปt vแปi. Quyแบฟt ฤแปnh gแปญi cho shop ฤรกnh giรก 5 sao chแป แป nhร nhแบฅn nรบt lร cรณ รกo mแบทc. hihi P/s : Tรบi thฦกm tแบทng kรจm rแบฅt thฦกm nhรฉ shop ฦกi! Lแบงn sau mรฌnh sแบฝ แปงng hแป tiแบฟp ha."
5,"Chแบฅt lฦฐแปฃng tแปt, giรก cแบฃ hแปฃp lรฝ.","Nhฦฐ tiรชu ฤแป thรฌ mรฌnh thแบฅy sแบฃn phแบฉm rแบฅt แปn. ฤแบงu tiรชn vแป chแบฅt liแปu รกo: chแบฅt liแปu ฤรบng lร thun,cotton rแบฅt co giรฃn, mแบทc trong nhแปฏng trแปi mรนa hรจ rแบฅt แปn. Mรu sแบฏc: mรฌnh ฤแบทt รกo mรu trแบฏng vร ฤc giao ฤรบng nhฦฐ mรu vร size แป chiแปu dรi cแปงa tร รกo vร tay รกo: mรฌnh ฤรกnh giรก nรณ hฦกi ngแบฏn. ฤฦฐแปng chแป: ฤฦฐแปng may bรชn ngoรi ฤแบนp, k dฦฐ chแป thแปซa. bรชn trong thรฌ vแบซn cรณ chแบฅt lฦฐแปฃng ,ฤรฃ giแบทt thแปญ rแบฅt nhiแปu lแบงn vร chฦฐa thแบฅy phai mรu ngay nhฦฐ cรกc mแบซu giรก rแบป dฦฐแปi 100k. Vรฌ thแบฟ mn nรชn chรบ รฝ mua hรng ฤแปซng cรณ thแบฅy rแบป quรก mua phแบฃi hรng kรฉm chแบฅt lฦฐแปฃng. Mรฌnh thรฌ thแบฅy rแบฅt hรi lรฒng vแปi sแบฃn phแบฉm. Vร cuแปi cรนng lร hรฌnh thแปฉc giao hรng thรฌ rแบฅt nhanh. ฤแบทt trong ฤรชm hรดm trc vร sรกng hรดm sau mรฌnh ฤรฃ cรณ hรng r. tiki giao nhanh ghรช."
5,"Chแบฅt Lฦฐแปฃng Tแปt, Giรก Cแบฃ Hแปฃp Lรฝ.Giao hรng nhanh.","ฤรขy laฬ lรขฬn thฦฐฬ 3 tรดi mua saฬn phรขฬm cแปงa shop. Tรดi thรขฬy rรขฬt ฦฐng yฬ. Saฬn phรขฬm ฤuฬng maฬu, ฤuฬng nhฦฐ hiฬnh quแบฃng cรกo. Chรขฬt vaฬi rรขฬt ok, thoaฬng maฬt,co giรฃn tแปt, khรดng bแป xรน khi giแบทt. Hรng khรก bแปn vร giแปฏ mรu tแปt.Form dรกng chuแบฉn, vแปซa vแบทn ฤรบng size cแปงa mรฌnh. Mฤฬฃc vaฬo treฬ thรชm mรขฬy tuรดฬi.mแบทc ฤแป ฤแบนp tแปฑ tin hฦกn nhiแปu luรดn. Mua ฤฦฐแปฃc bแป ฤแป ฦฐng รฝ nรชn sฦฐแปng lแบฏm, khรดng bแป vแปฃ quแบกu. Tรดi khuyรชn cรกc anh, em nhร mรฌnh nรชn trแบฃi nghiแปm sแบฃn phแบฉm nรy nhรฉ. Tks shop, tks tiki."
5,Hรi lรฒng.ฤรบng nhฦฐ quแบฃng cรกo.,"Mฤฬฃc thรขฬm huฬt mรดฬ hรดi thรขฬฃt. Khaฬ maฬt. cฦฐฬ tฦฐฦกฬng giaฬ reฬ thiฬ chรขฬt cuฬng xรขฬu.
 Nhรขฬฃn haฬng thiฬ suy nghiฬ khaฬc. 
Vote cho shop 5sao. 
รo trแบฏng rแบฅt ฤแบนp, xแปn.
Cรณ lแบฝ hรng xแปn nhฦฐ cแปงa thฦฐฦกng hiแปu nแปi tiแบฟng."
5,Cแปฑc kรฌ hรi lรฒng,"Mรฌnh rแบฅt thรญch Tuto Store vร ฤรขy lร lแบงn  mรฌnh mua hรng  thแปฉ 3 แป ฤรขy. 
- Dแปch vแปฅ hแบญu ฤรฃi rแบฅt tแปt khi mรฌnh mua mแปt cรกi รกo cรณ tแบทng thรชm cแบฃ quร tแบทng nแปฏa, mรฌnh rแบฅt thรญch vร lแบงn ฤแบงu tiรชn mรฌnh chแปn size hฦกi รดm ngฦฐแปi quรก thรฌ mรฌnh liรชn hแป cรกc bแบกn ฤแปi size cho mรฌnh rแบฅt nhanh. Viแปc mua hรng online mร ฤฦฐแปฃc trแปn vแบนn nhฦฐ vแบญy lร tฦฐฦกng ฤแปi ฦฐng รฝ rแปi. 
P/s: Lแบงn trฦฐแปc mua hรng xong ฤฦฐแปฃc tแบทng cรกi mรฃ giแบฃm 15% lรชn cรณ tiแปn thรฌ quแบฅt luรดn 2 cรกi luรดn; Ok ฤรณ.
โ> Nแบฟu cรณ tแปซ nรo mรด tแบฃ hฦกn chแปฏ โ TแปT โ thรฌ mรฌnh xin dรนng tแปซ ฤรณ ฤแป mรด tแบฃ vแป shop nรy"
5,Chแปi ฦกi chแปi.Hรng khรก ok lแบฏm nha.,"Phแบฃi nรณi thแบญt vแปi cรกc ae chiแบฟn hแปฏu ฤang mua hรng online nhฦฐ tรดi. ฤรบng lร รญt khi mua hรng online mร mua ฤฦฐแปฃc sแบฃn phแบฉm giแปng hรฌnh แบฃnh nhฦฐ vแบญy. Nรณi chung lร cลฉng ฤแปก mแบฅt lรฒng tin vรo mua hรng trรชn mแบกng. Lแบงn trฦฐแปc mua thรฌ ko ฦฐng รฝ ฤรขu.Lแบงn nรy thรฌ thแปฑc sแปฑ ฤฦฐแปฃc. So vแปi chแบฅt liแปu cแปงa ฤแป hiแปu ฤแบฅt tiแปn thรฌ chแบณng kรฉm ฤรขu nhรฉ. Giรก cแบฃ lแบกi phแบฃi chฤng vแปi ngฦฐแปi viแปt nam. Tรดi yรชu thฦฐฦกng hiแปu nรy rแปi ฤรณ. แปฆng hแป thฦฐฦกng hiแปu viแปt nhรฉ ae.
5*."
5,Xuแบฅt sแบฏc,"ฤรขy laฬ lรขฬn thฦฐฬ 3 tรดi mua saฬn phรขฬm cแปงa shop. Tรดi thรขฬy rรขฬt ฦฐng yฬ. Saฬn phรขฬm ฤuฬng maฬu, ฤuฬng nhฦฐ hiฬnh quแบฃng cรกo. Chรขฬt vaฬi rรขฬt ok, thoaฬng maฬt,co giรฃn tแปt, khรดng bแป xรน khi giแบทt. Hรng khรก bแปn vร giแปฏ mรu tแปt.Form dรกng chuแบฉn, vแปซa vแบทn ฤรบng size cแปงa mรฌnh. Mฤฬฃc vaฬo treฬ thรชm mรขฬy tuรดฬi.mแบทc ฤแป ฤแบนp tแปฑ tin hฦกn nhiแปu luรดn. Mua ฤฦฐแปฃc bแป ฤแป ฦฐng รฝ nรชn sฦฐแปng lแบฏm, khรดng bแป vแปฃ quแบกu.Mรฌnh mua mแบทc mร vแปฃ lแบกi ฤรฒi mแบทc hoรi.Nhรฌn sexy quรก lแบกi hฦกi mแปt cรกc ae แบก. Tรดi khuyรชn cรกc anh, em nhร mรฌnh nรชn trแบฃi nghiแปm sแบฃn phแบฉm nรy. Tks shop, tks tiki."
5,Cแปฑc Kรฌ Hรi Lรฒng,Tui ฦฐng store nรy ghรช รก! Tแปซ mแบซu mรฃ ฤแบฟn chแบฅt lฦฐแปฃng sแบฃn phแบฉm tแปt lแบฏm รญ! Dรน mua online nhฦฐng bao bรฌ kรจm theo siรชu kฤฉ siรชu ฤแบนp vร rแบฅt chแบฏc chแบฏn! Mรฌnh sแบฝ lร khรกch hรng trung thรnh cแปงa shop nรจ hehe
5,Rแบฅt hรi lรฒng vร ฦฐng รฝ.,"Mua quแบงn รกo bรชn shop khรดng dฦฐแปi 5 lแบงn. Nhฦฐng lแบงn nรo cลฉng cรณ trแบฃi nghiแปm tแปt vแป sแบฃn phแบฉm. Chแบฅt liแปu vแบฃi cotton mรกt, co giรฃn tแปt.ฤฦฐแปng may chแบฏc chแบฏn khรดng bแปฅc, ko hแป cรณ lแปi lแบงm gรฌ cแบฃ. Rแบฅt thรญch sแบฃn phแบฉm cแปงa shop nhรฉ. Tin tฦฐแปng cho 5* luรดn./"
5,Cแปฑc kรฌ hรi lรฒng,"รo ฤแบนp, chแบฅt vแบฃi thun mแปm mแปn, mแบทc rแบฅt nhแบน vร mรกt. Xแปฉng ฤรกng 5 sao, giao hรng ฤรณng gรณi kแปน cรng, nhanh chรณng, ฤรกnh giรก chung lร rแบฅt tแปt. Cแบฃm ฦกn sแปฑ phแปฅc vแปฅ cแปงa Tiki vร nhร cung cแบฅp sแบฃn phแบฉm chแบฅt lฦฐแปฃng."
5,Cแปฑc kรฌ hรi lรฒng,"รo ฤแบนp, mรu ฤแบนp nhฦฐ แบฃnh, giรก cแบฃ hแปฃp lรฝ, ฤรณng gรณi cแบฉn thแบญn. 5 ฤiแปm cho shop, thรชm 5 ฤiแปm cho tiki giao hรng nhanh hฦกn dแปฑ kiแบฟn. แปฆng hแป thรชm shop mua thรชm 3 รกo nแปฏa."
3,Bรฌnh thฦฐแปng,"Ok
Sแบฃn phแบฉm nhฦฐ mรด tแบฃ chแบฅt lฦฐแปฃng thรฌ chแบฅp nhแบญn ฤฦฐแปฃc cรฒn mรu sแบฏc cแบงn phแบฃi cแบฃi thiแปn cho giแปng mแบซu thแบญt hฦกn"
1,Rแบฅt khรดng hรi lรฒng,"Mแปt chiแบฟc bแป bung chแป vร thแปงng๐
Vui lรฒng shop chuyแปn cรกi khรกc.cho e"
5,Cแปฑc kรฌ hรi lรฒng,"thun rแบฅt ฤแบนp, mรu ฤแบนp, thiแบฟt kแบฟ sang trแปng nแปi bแบญt"
5,Cแปฑc kรฌ hรi lรฒng,
5,Cแปฑc kรฌ hรi lรฒng,
5,Cแปฑc kรฌ hรi lรฒng,Dep
5,Cแปฑc kรฌ hรi lรฒng,
5,Cแปฑc kรฌ hรi lรฒng,
5,Cแปฑc kรฌ hรi lรฒng,"รo ฤแบนp nhฦฐ hรฌnh, shop uy tรญn, giao hรng trแป hฦกn so vแปi trรชn dแปฑ kiแบฟn 1 ngรy mร khรดng sao mแปi thแปฉ ฤแปu แปn."
5,Cแปฑc kรฌ hรi lรฒng,"Sแบฃn phแบฉm ฤแบนp giแปng hรฌnh
Shop uy tรญn, tฦฐ vแบฅn chuแบฉn size vร rแบฅt nhiแปt tรฌnh"
5,Cแปฑc kรฌ hรi lรฒng,"รo ฤแบนp! Cho 5 sao
Cรณ ฤแปu mแบทt trong lร mรu ฤen mร khรดng phแบฃi mรu ฤแป nhฦฐ hรฌnh."
5,Cแปฑc kรฌ hรi lรฒng,"Sแบฃn phแบฉm ฤแบนp chแบฅt lฦฐแปฃng , Tuy รo khรดng cรณ giแปng hรฌnh cho lแบฏm."
1,Rแบฅt khรดng hรi lรฒng,รo rแบป tiแปn
1,Rแบฅt khรดng hรi lรฒng,
4,Hรi lรฒng,
5,Cแปฑc kรฌ hรi lรฒng,
3,Bรฌnh thฦฐแปng,
5,Hรi lรฒng,"Cรกi รกo nรy kiแปu slim nhรฉ, khรดng phรน hแปฃp ngฦฐแปi mแบญp nรชn mรฌnh khรดng thแป mแบทc ฤฦฐแปฃc. Tuy vแบญy chแบฅt vแบฃi thรฌ ok, giao hรng nhanh, lแปi nhแบฏn kรจm cแปงa shop cลฉng ok."
3,Bรฌnh thฦฐแปng,"Nแบฟu chแปn mua nรชn trแปซ hao  cแปng thรชm 1 size. Vรฌ thแปฑc tแบฟ thฦฐแปng khรดng ฤรบng. Tรดi chแปn XXL, thay vรฌ XXXL nhฦฐng shop khรดng cรณ! Nรชn mแบฏc hฦกi bแป chแบญt!"
5,Cแปฑc kรฌ hรi lรฒng,รกo rแบฅt ฤแบนp แบก...mong m.n แปงng hแป shop nhiแปt tรฌnh ๐ฅฐ๐ฅฐ๐ฅฐ๐ฅฐ
1,Rแบฅt khรดng hรi lรฒng,Sแบฃn phแบฉm khรดng giแปng mรด tแบฃ ฤแบทt size xxxl mร shop giao xxl lแปซa gแบกt hแบฃ gรฌ
1,"Nรชn xem kแปน ฤรกnh giรก, trฦฐแปc khi order","Treo ฤแบงu dรช, bรกn thแปt chรณ, hoรn toรn thแบฅt vแปng. Khรดng ฤรกng mแปt sao nรo."
5,Cแปฑc kรฌ hรi lรฒng,"Mแบทc vแปซa vแบทn, ฤแบนp nhฦฐ mรฌnh chแบฅt vแบฃi tแปt khรดng ฤแบฟn nแปi nรo. Nรณi chung tแปt trong tแบงm giรก."
5,tuyแปt vแปi,"รกo ฤep, vแบฃi mแปm mแปn, mแบทc rแบฅt vแปซa mรฌnh, nรณi chung lร tuyแปt vแปi รดng mแบทt trแปi :)))))"
4,Hรi lรฒng,chแบฅt ฦฐng lแบฏm แบก nhฦฐng vแบซn cรณ 1 bแบฉn nhแป nhฦฐng giแบทt lร sแบกch sแบฝ tiแบฟp tแปฅc แปงng hแป shop
4,Tแปt trong tแบงm giรก,"Mรฌnh chแปn ฤรบng size XXL nรชn mแบทt cลฉng khรก vแปซa, cao 1m7 - nแบทng 68kg. Tฦฐฦกng ฤแปi thoแบฃi mรกi"
4,Hรi lรฒng,Size L ฤแปi vs ng cao m75 hฦกi ngแบฏn ae nรo mua thรฌ nรชn mua size lฦกsn hฦกn
1,Rแบฅt khรดng hรi lรฒng,"ฤรขy hรฌnh 1 lร mแบซu hรฌnh mแบซu. 2 Hรฌnh sau lร shop gแปญi cho tui. tui mua nhฦฐ mแบซu mร. con trai lแบกi cรณ hoa hแปng trฦฐแปc sau. trong khi mแบซu tui chแปn lร khรดng cรณ hoa vฤn nhฦฐ vแบญy.
Tรดi ฤรฃ ฤแปi lแบกi hรng vร yรชu cแบงu gแปญi cho tรดi giแปng mแบซu. lแบกi gแปญi sแบฃn nhฦฐ lแบงn 1. quรก mแบฅt thแปi gian. Hแปฅt hแบซn. 
Shop nรy xem lแบกi cรกch lรm ฤn ฤi. ฤแปซng ฤแป phiแปn ngฦฐแปi khรกc nแปฏa nhรฉ"
5,Chแบฅt lฦฐแปฃng hรng tแปt nhฦฐ mong ฤแปฃi.,"Giao hรng sแปm 1 ngรy, ฤรณng gรณi cแบฉn thแบญn. Rแบฅt hรi lรฒng, รกo ฤรบng nhฦฐ miรชu tแบฃ. Chแบฅt vแบฃi dรy, tแปt. Cแบฃ 3 tรบi ฤแปu hฦกi nhแป nhฦฐng vแบซn chแปฉa ฤฦฐแปฃc Zenphone Max Pro M1. Mรฌnh cao 1m7 nแบทng 64kg, mแบทc size XL hฦกi rแปng nhฦฐng ok, hฦกi rแปng cho thoแบฃi mรกi. Sแบฝ tiแบฟp tแปฅc แปงng hแป  Tiki vร shop."
1,KHรNG HรI LรNG NHรN VIรN GIAO HรNG,"Chฦฐa nhแบญn xรฉt vแป chแบฅt lฦฐแปฃng sแบฃn phแบฉm vรฌ mรฌnh cรฒn chฦฐa xem hรng, chแป nhแบญn xรฉt vแป thรกi ฤแป nhรขn viรชn giao hรng. Mรฌnh mua tแปng ฤฦกn hรng lร 477k, bแบกn nhรขn viรชn vแปซa thแบฅy mรฌnh lร nรณi ""ฤฦกn hรng 477k, chแป ฤฦฐa 480k"". Xong mรฌnh ฤฦฐa tแป 500k thรฌ thแปi lแบกi 20k rแปi nรณi ""Em khรดng cรณ tiแปn lแบป"". Khรดng phแบฃi tiแบฟc 3k, vรฌ bรฌnh thฦฐแปng mua hรng mรฌnh vแบซn khรดng lแบฅy lแบกi tiแปn thแปi vรi ngรn, nhฦฐng ฤang nรณi tแปi thรกi ฤแป bแบกn ฤรณ, bแบกn tแปฑ ฤแปng nรณi lแบฅy lรชn sแป chแบตn. 3k khรดng phแบฃi lร tiแปn hay bแบกn cรณ quyแปn lแบฅy chแบตn lรชn nhฦฐ vแบญy? khรกch nรo bแบกn ฤรณ cลฉng lแบฅy lรชn vรi ฤแปng tiแปn lแบป nhฦฐ vแบญy thรฌ cลฉng ฤรฃ lร nhiแปu rแปi."
5,Cแปฑc kรฌ hรi lรฒng,"Cรกc bแบกn mua รกo nรชn ฤแป รฝ lร cung cแบฅp ฤแป trรกnh mua phแบฃi hรng k ฤรบng mแบซu kรฉm chแบฅt lฦฐแปฃng nhรฉ, chแป nรชn chแปn nhร cung cแบฅp katus viแปt nam mแปi ฤรบng mแบซu nha cรกc bแบกn, hรฌnh bรชn trรชn lร do chแปn hai nhร cลฉng cแบฅp khรกc nรชn tแบฅt tแป ฤรณ."
2,SAI MรฬU- SAI SIZE,"Tรดi chฦฐa  biรชฬt chรขฬt lฦฐฦกฬฃng aฬo vฦฐฬa nhรขฬฃn  nhฦฐ thรชฬ naฬo, nhฦฐng aฬo sai mรขฬu hoaฬn toaฬn, size aฬo cuฬng sai, rรขฬt moฬng Yรชu cรขฬu:
1/ ฤรดฬi laฬฃi nhฦฐ mรขฬu ฤaฬ ฤฤฬฃt.
2/ Traฬ haฬng 
Lฦฐu yฬ:  Shop nรชn giฦฐฬ chฦฐฬ tiฬn trong KD. Tks!"
5,Tแปt,"vแปซa nhแบญn hรng ฤรกnh giรก nhanh vรi dรฒng:
ฦฏu ฤiแปm: dรy dแบทn, mแบทc แบฅm.( mรฌnh 1m7 60kg mแบทc size L vแปซa)
Nhฦฐแปฃc ฤiแปm: tรบi nhแป ( ฤแป chแป vแปซa ฤiแปn thoแบกi 5 inh) vร khรดng cรณ tรบi trong รกo. dรขy kรฉo khรดng chแบฏc chแบฏn cho lแบฏm.
KL: tแปt trong tแบงm giรก. Chแป tiแบฟc lร khรดng ฤแป ฤiแปn thoแบกi ฤฦฐแปฃc."
1,Chฦฐa hรi lรฒng,Mรฌnh vแปซa nhแบญn ฤฦฐแปฃc sแบฃn phแบฉm nhฦฐng bแป lแปi mรฌnh ฤรฃ yรชu cแบงu bรชn phรญa Tiki ฤแป ฤฦฐแปฃc ฤแปi sแบฃn phแบฉm vร ฤฦฐแปฃc hแป trแปฃ viรชn phแบฃn hแปi tรญch cแปฑc ! Mong rแบฑng nhรขn viรชn bรชn phรญa Tiki sแบฝ sแปm ฤแบฟn lแบฅy lแบกi sแบฃn phแบฉm bแป lแปi vร giao ฤรบng sแบฃn phแบฉm tแปt cho mรฌnh
1,Sแบฃn phแบฉm tแป,"-ฤแบทt รกo size XXL kแบฟt quแบฃ nhแบญn ฤฦฐแปฃc รกo size XL
-ฤฦฐแปng chแป trong cแปงa รกo bแป lแปi, ฤแบกp rรบt chแป 2 lแบงn
-Bรชn trong รกo chแป bแป ฤแปฉt rรกch bรชn trong
Tรณm lแบกi sแบฃn phแบฉm shop giao quรก tแป, khuyรชn cรกc bแบกn ฤแปซng mua"
3,Hฦกi ngแบฏn,"Chแบฅt รกo dรy dแบทn, mรu ฤแบนp, dรกng thแป thao trแบป trung, mแบทc chแบฏn giรณ ฤi mฦฐa tแปt, giรก khรดng cรณ gรฌ phแบฃi chรช. Mแปi tแปi lร รกo hฦกi ngแบฏn. Mua cho bแป mรฌnh size XL mร thiแบฟu 5cm chiแปu dรi nแปฏa thรฌ ฤแบนp. Cuแปi cรนng bแป mแบทc khรดng vแปซa cรฒn em gรกi 1m55 thรฌ mแบทc vแปซa (vแปซa tay vร thรขn nhฦฐng rแปng vai). Khรดng cรณ size lแปn hฦกn ฤแป ฤแปi, ฤรnh phแบฃi gแปญi trแบฃ hรng."
5,Cแปฑc kรฌ hรi lรฒng,"รo ฤแบนp, chแบฅt liแปu vแบฃi dรy, dรขy kรฉo chแบฏc chแบฏn, vแปi รกo nhฦฐ nรy thรฌ giรก nรy khรก hแปฃp lรฝ. Mรฌnh 48kg 1m6 mแบทc size L khรก vแปซa. Cแบฃm ฦกn shop nhiแปu, sแบฝ แปงng hแป Tiki lรขu dรiโบ๏ธโบ๏ธโบ๏ธ"
5,Rแบฅt hรi lรฒng vแป sแบฃn phแบฉm,rแบฅt hรi lรฒng sแบฃng phแบฉm  ฤแบนp vแปซa vแบทn ฤรบng zize ฤรบng mรu chแบฅt รกo ฤแบนp 5 sao mแปi 1 ฤฦฐแปฃc thรดi cรฒn vรi ฤฦกn nแปฏa chฦฐa tแปi sแปm hฦกn dแปฑ toรกn mแบฅy ngรy tiแบฟp tแปฅc แปงng hแป shop mแปi ngฦฐแปi tแปฑ tin mua nhรฉ.... khรดng biแบฟt mแบฅy ฤฦกn hรng tiแบฟp theo nhฦฐ thแบฟ nรo mong lร chแบฅt lฦฐแปฃng uy tรญn ฤรบng mแบซu ฤรบng zize
5,Cแปฑc kรฌ hรi lรฒng,"Sแบฃn phแบฉm chแบฅt lฦฐแปฃng vร ฤแบนp, ฦฐng nhแบฅt lร dแปch vแปฅ cแปงa shop quรก tแปt, mรฌnh mua size hฦกi nhแป nรชn ฤแปi trong vรฒng 2 ngรy cรณ ngฦฐแปi mang รกo mแปi tแปi lแบฅy cรกi cลฉ vแป khรดng cแบงn phแบฃi ฤi ฤรขu, sแบฝ แปงng hแป shop tiแบฟp. Chรบc shop ngรy cรng phรกt triแปn."
5,giao haฬng nhanh,"tรขฬm giaฬ naฬy thiฬ taฬฃm ฤฦฐฦกฬฃc, giao haฬng nhanh, ฤuฬng site, ฤuฬng maฬu, nhฦฐng goking nรชn caฬi thiรชฬฃn laฬฃi dรขy keฬo to hฦกn nhฦฐ caฬc loaฬฃi aฬo khoaฬc khaฬc, 2 tuฬi trฦฐฦกฬc lรดฬng tuฬi sรขu hฦกn ฤรชฬ vฦฐฬa ฤt loaฬฃi lฦกฬn, vแบฃi bรชn trong dรขฬy hฦกn, coฬ thรชฬ nรขng giaฬ lรชn ko sao, vรi lฦกฬi goฬp yฬ goking, tks"
5,Cแปฑc kรฌ hรi lรฒng,"รกo khoรกc mรฌnh mแบทc lรชn ngฦฐแปi trรดng ฤแปฉng dรกng lแบฏm, lแปp vแบฃi lรณt bรชn trong mแบทc vรo khรดng bแป khรณ chแปu, bao bรฌ cแปงa shop lรm ฤแบนp ฤแบฅy, mua lรm quร tแบทng ฤฦฐแปฃc vรฌ shop ฤรณng gรณi vร bao bรฌ chแปnh chu, giao hรng nhanh hฦกn dแปฑ kiแบฟn, cho shop 5 sao vรฌ phแปฅc vแปฅ tแปt"
5,Cแปฑc kรฌ hรi lรฒng,"Mรฌnh thรญch รกo nรy cแปฑc, giรก rแบป so vแปi chแบฅt lฦฐแปฃng mรฌnh nhแบญn ฤฦฐแปฃc. ฤรณng gรณi bรชn ngoรi ฤแบนp, ฤi kรจm vแปi bรฌa, catologue, thฦฐ cแบฃm ฦกn, nhรฌn chuyรชn nghiแปp, mแบฅy mแบซu nhฦฐ thแป nรy cรณ thแป mua tแบทng ฤฦฐแปฃc luรดn nรจ, lแปch sแปฑ. รo mรu lรชn rแบฅt ฤแบนp, ฤแบญm."
5,Cแปฑc kรฌ hรi lรฒng,"Giao hรng nhanh, cรณ รญt chแป thแปซa phรญa dฦฐแปi cรกnh tay, nhฦฐng cลฉng khรดng sao, mรu รกo ฤแบญm, bรชn trong lแปp lรณt cรณ lแป mแบทc thoรกng, cรณ mแปt cรกi tรบi nhแป แป phรญa trong dรนng bแป ฤiแปn thoแบกi nรจ, bonus thรชm bแบกn tฦฐ vแบฅn nhiแปt tรฌnh. Vแบซn แปงng hแป shop 5*"
4,"Khรดng ฤc ฤแปi mแบงu buแปn.,","Mua รกo cho bแป,. รกo ฤแบนp vแปซa ฤแปง แบฅp trong tแบงm giรก.
trแปi lแบกi ko quรก lแบกnh แปn,.

Bแป khen รกo ฤแบนp, mแปi tแปi ko ฤc ฤแปi size nรชn phแบฃi mua 2 cรกi,.
1 cรกi ฤang ฤแป ko lรm gรฌ .....
chแบฅt lฦฐแปฃng รกo vแปi tแบงm giรก: 5 sao.
Vรฌ ko ฤc ฤแปi size buแปn -> phแปฅc vแปฅ 3 sao
tแปng 4 sao"
5,Haฬi loฬng vรชฬ saฬn phรขฬm,"Lรขฬn ฤรขฬu mua aฬo cho con thรขฬy Ok, ฤฤฬฃt thรชm 1 caฬi cho รดng xaฬ caฬng thรขฬy Ok. Aoฬ maฬu sฤฬc ฤeฬฃp vaฬ chรขฬt lฦฐฦกฬฃng vaฬi nhฦฐ mong muรดฬn. Giao haฬng thiฬ quaฬ nhanh, ฤฤฬฃt hรดm trฦฐฦกฬc hรดm sau coฬ haฬng. Tiki giao haฬng diฬฃch vuฬฃ tรดฬt."
5,Cแปฑc kรฌ hรi lรฒng,"Sแบฃn phแบฉm tแปt trong tแบงm giรก, mแบทc  ฤi trong mฦฐa lแบฅt phแบฅt khรดng bแป ฦฐแปt nhแป lแปp dรน bรชn ngoรi, tuy nhiรชn ฤรบng nhฦฐ khuyแบฟn cรกo, รกo chแป thรญch hแปฃp vรo mรนa thu ฤรดng, khรดng thแป mแบทc nhฦฐ รกo khoรกc chแปng nแบฏng vรฌ รกo cแบฃn giรณ rแบฅt nรณng!"
5,รกo ฤแบนp dรy dแบทn,"รกo ฤแบนp, 2 lแปp dรy dแบทn, trแปi mรนa mฦฐa nhฦฐ nรy mแบทc ฤi ฤรชm ฤแปง แบฅm, ฤi mฦฐa nhแป khรดng bแป ฦฐแปt vรo bรชn trong,  tรบi trong sรขu ฤแปฑng ฤแป thoแบฃi mรกi, nhฦฐng nแบฟu ฤฦฐแปฃc shop lรm thรชm dรขy kรฉo nแปฏa lร quรก tuyแปt"
4,Hรi lรฒng,"Khi Nhแบญn hรng ko ฤc xem cแปฅ thแป , chแป nhรฌn ngoรi bao nilon. Tiแบฟc lร ko ฤc tฦฐ vแบฅn trc vแป size cแปงa CT.
Size XL quรก nhแป , muแปn ฤแปi size lแปn nhg Tiki ko cho nรชn fai trแบฃ hรng lแบกi , mร nhรขn viรชn thu hแปi xg ko giao biรชn nhแบญn cho khรกch nรชn tรดi ko yรชn tรขm chรบt nรo. รo ฤแบนp ."
5,Cแปฑc kรฌ hรi lรฒng,"รo rแบฅt ฤแบนp,giao hรng cแปฑc nhanh ฤแบทt giao trong 2h quรก OK luรดn ๐๐mรฌnh rแบฅt thรญch kiแปu giao hรng nรy ,sp thรฌ chแบฅt lฦฐฦกng ,ฤรบng nhฦฐ bรi ฤฤng ,mรฌnh muแปn mua thรชm 1 sแป sp bรชn shop ฤแป trแบฃi nghiแปm xem sao ."
5,Cแปฑc kรฌ hรi lรฒng,"Sแบฃn phแบฉm cแปงa shop k bao giแป lรm mรฌnh thแบฅt vแปng cแบฃ ,sแบฃn phแบฉm ฤแบนp,chแบฅt liแปu vแบฃi OK luรดn ,mแบทc vรo mรกt mแบป ,sแบฝ แปงng hแป cho shop"
5,Cแปฑc kรฌ hรi lรฒng,"รo ฤแบนp ฤแบฅy, thoรกng mรกt dแป chแปu, giรก hแปฃp lรฝ, giao hรng nhanh vร trรกch nhiแปm. รo nรy dรนng lรขu mร ko bแป giรฃn thรฌ chแบฅt lฦฐแปฃng quแบฃ xแปฉng 5โญ๏ธ!"
5,Cแปฑc kรฌ hรi lรฒng,"Sแบฃn phแบฉm ฤรบng mแบซu, vแบฃi khรก ฤแบนp, vแปซa vแปi size gแปฃi รฝ, giรก cแบฃ rแบฅt ok so vแปi chแบฅt lฦฐแปฃng."
5,Cแปฑc kรฌ hรi lรฒng,Chแบฅt lฦฐแปฃng รกo miแปn chรช. Dรนng tแปซ hรng ฤรดng qua hรng hรจ. Mรฌnh ฤแบทt thรชm 5c nแปฏa. Mแปi loแบกi 1 mรu vแป cho bแป vร anh xรฃ ๐คช๐คช
5,Rแบฅt thรญch,"รo rแบฅt ฤแบนp,mแปm mแบกi ,rแบฅt tin tฦฐแปng shop hรng ฤรบng chแบฅt lฦฐแปฃng 
Sแบฝ luรดn แปงng hแป shop bแบกn nhiแปu hฦกn"
5,Mua 2 chiรชฬc cuฬa 2 haฬng ฤรชฬ xem khaฬc nhau ntn.,Nhiฬn chung 2 caฬi vaฬi khaฬ giรดฬng nhau. Chรขฬt cuฬng ฤฦฐฦกฬฃc nhฦฐng so vรชฬ giaฬ thiฬ chiรชฬc cuฬa 5S reฬ hฦกn.
4,รo y hรฌnh,"Chฦฐa mแบทc nรชn chฦฐa biแบฟt bแปn ko, tuy nhiรชn form vแบฃi hฦกi co giรฃn nhฦฐng thแบฅy vแบซn rแปng. So vแปi giรก thรฌ phรน hแปฃp."
4,Hรi lรฒng,Hรng ฤรบng chแบฅt lฦฐแปฃng. Size cลฉng ok. Vรฃi mแปm thoรกng. Chฦฐa giแบทc ko biแบฟt cรณ ฤแป lรดng khรดng thรดi.
5,รo OK,Hang Mac thiฬch OK thai ฤแป giao hang lร ฤiรชฬu tรดi thรญch khi mua tiki ho phแปฅc vแปฅ rแบฅt tแปt
4,Hรi lรฒng,"sp ok, nhฦฐng vแบฃi khรก mแปng nhรฌn rแบฅt giแปng hรฌnh, shipper thรขn thiแปn, giao hรng nhanh sแบฝ แปงng hแป tiki lรขu dรi ๐"
5,Cแปฑc kรฌ hรi lรฒng,"รกo ฤแบนp, chแบฅt lฦฐแปฃng,anh sipper thรขn thiแปn ,giao hรng nhanh 
mแปi ฤแบทt hรดm trฦฐแปc,hรดm sau ฤรฃ xรณa hรng"
4,Hรi lรฒng,"รกo ฤแบนp nhฦฐng vแบฃi hฦกi mแปng , in hรฌnh nhแป , bแป nhรฒe nhฦฐng anh shipper vui tรญnh , thรขn thiแปn ๐"
4,Hรi lรฒng,chแบฅt vแบฃi hฦกi mแปng nhฦฐng kiแปu dรกng rแบฅt giแปng hรฌnh giao hรng nhanh ฤรณng gรณi cแบฉn thแบญnโบ
5,Cแปฑc kรฌ hรi lรฒng,Mua tแบกm cรกi รกo phแบฟch cho nรณ gแปi lร cรณ tรฝ nรด cแป bren
4,Hรi lรฒng,ฤแบนp giแปng hรฌnh oke mร thแบฅy tiki dao hรng hฦกi chแบญm nha
1,Rแบฅt khรดng hรi lรฒng,"Chแบฅt lฦฐแปฃng rแบฅt kรฉm
Mแปi ngฦฐแปi khรดng nรชn mua แบก"
1,Rแบฅt khรดng hรi lรฒng,
2,Khรดng hรi lรฒng,hรng ฤแบนp nhฦฐng giao hรng chแบงm quรก
5,Cแปฑc kรฌ hรi lรฒng,"รo ฤแบนp , thoรกng mรกt, ฤฦฐแปng may chแบฏc chแบฏn, chแบฅt liแปu vแบฃi tแปt,co giรฃn tแปt,ฤรณng gรณi cแบฉn thแบญn, giao hรng nhanh chรณng"
5,Cแปฑc kรฌ hรi lรฒng,"รo ฤแบนp, thoรกng mรกt , ฤฦฐแปng may chแบฏc chแบฏn, ฤรณng gรณi cแบฉn thแบญn, giao hรng nhanh,sแบฃn phแบฉm rแบฅt tแปt"
5,Cแปฑc kรฌ hรi lรฒng,"Sแบฃn phแบฉm rแบฅt tแปt,ฤรณng gรณi cแบฉn thแบญn, giao hรng nhanh chรณng,thoรกng mรกt,ฤแบนp"
5,Cแปฑc kรฌ hรi lรฒng,"รกo mแบทc mรกt, chแบฅt vแบฃi mแปm , ฤฦฐแปng may gแปn                                                                                       ."
5,Cแปฑc kรฌ hรi lรฒng,"Mรฌnh mua ฤแป bรชn shop nhiแปu nhiแปu rแปi nhฦฐng ฤรขy lร cรกi mร mรฌnh thแบญt sแปฑ tรขm ฤแบฏc nhแบฅt, tแบทng shop 5 sao"
5,Cแปฑc kรฌ hรi lรฒng,"Sฦฐแปng ฤแปi nhแบฅt thiแบฟt kแบฟ cแป vร viแปn tay รกo , rแบฅt ฤแบนp cho shop 10 ฤiแปm nรจ"
5,Cแปฑc kรฌ hรi lรฒng,"Thiแบฟt kแบฟ ฤฦกn giแบฃn nhฦฐng rแบฅt sang trแปng, ฤรบng gu mรฌnh thรญch , hรi lรฒng nha shop"
5,Cแปฑc kรฌ hรi lรฒng,"Thoแบฃi mรกt, vแปซa vแบทn, giao hรng nhanh, ฤรณng gรณi cแบฉn"
5,Cแปฑc kรฌ hรi lรฒng,รo ฤแบนp vร rแบป quรก! Mua ฤรบng ฤแปฃt chฦฐฦกng trรฌnh!
5,Cแปฑc kรฌ hรi lรฒng,Mรฌnh ฦฐng nhแบฅt mแบซu nรy trong tแบฅt cแบฃ hรng mรฌnh mua cแปงa shop. ฤแบนp thแบญt
3,Bรฌnh thฦฐแปng,รกo mแบทc khi mua vแป bรชn trong bแป ฤแป lรดng giแบทt vรi lแบงn vแบซn cรฒn bแป
5,Cแปฑc kรฌ hรi lรฒng,"รo rแบฅt dแป thฦฐฦกng, giแปng nhฦฐ hรฌnh, vแบฃi ฤแบนp. Cแบฃm ฦกn Shop, cแบฃm ฦกn Tiki."
3,Bรฌnh thฦฐแปng,รกo rแบฅt ฤแบนp giแปng nhฦฐ trong hรฌnh nhฦฐng รกo ฤแป lรดng rแบฅt nhiแปu
5,Cแปฑc kรฌ hรi lรฒng,"Sแบฃn phแบฉm tแปt logo sแป vรo trฦกn lรกng rแบฅt thรญch mรu ฤen rแบฅt ฤแบนp 
Perfect"
5,Cแปฑc kรฌ hรi lรฒng,ao khoรกc ฤแบนp lแบฏm. tiแบฟt quรก la k co mรu trแบฏng
5,Cแปฑc kรฌ hรi lรฒng,vแบฃi tแปt mแบทt rแบฅt แบฅm sแบฃn phแบฉm rแบฅt hรi lรฒng
3,Bรฌnh thฦฐแปng,รกo xแป lรดng quรก nhiแปu
4,Hรi lรฒng,hฦกi nhแป
5,Cแปฑc kรฌ hรi lรฒng,Hรng ฤแบนp
5,Cแปฑc kรฌ hรi lรฒng,
5,Cแปฑc kรฌ hรi lรฒng,Mua rแบฅt hรi lรฒng quแบงn sแปp chแบฅt รกo giรณ thรฌ siรชu ฤแบนp giao ฤรนn mรu nhanh
5,Cแปฑc kรฌ hรi lรฒng,"Shop giao ฤรบng mรu, ฤรบng size mรฌnh ฤรฃ ฤแบทt, cแบฃm ฦกn shop nhiแปu nhรฉ โค๏ธ"
1,Rแบฅt khรดng hรi lรฒng,รกo k giแปng hรฌnh giao nhแบงm รกo
2,Khรดng hรi lรฒng,Khรดng hรiongf
5,Cแปฑc kรฌ hรi lรฒng,
5,Cแปฑc kรฌ hรi lรฒng,
4,Hรi lรฒng,
4,Hรi lรฒng,
4,Hรi lรฒng,
5,Tแปt,"Mรฌnh cao 1m7, nแบทng khoแบฃng 67kg. Mรฌnh mua 2 รกo (xรกm, ฤen) size XL thรฌ thแบฅy hฦกi rแปng. Chแบฅt liแปu tแปt cแบฃ vแป chแบฅt liแปu vร dรกng, ฤฦฐแปng may. Mแบทc khรก thoแบฃi mรกi. รo mรu ฤen cแปงa mรฌnh giแบทt lแบงn ฤแบงu thรฌ ra mรu hฦกi nhiแปu chรบt. Mua qua mแบกng mร chแบฅt lฦฐฦกng nhฦฐ vแบญy thรฌ cลฉng rแบฅt lร tแปt rแปi, khรดng kแปณ vแปng hฦกn."
3,Bรฌnh thฦฐแปng,"chแบฅt lฦฐแปฃng sแบฃn phแบฉm thรฌ tแปt nhฦฐng side sแบฃn phแบฉm khรดng nhฦฐ รฝ, mรฌnh vแบซn mแบทc side xl rแบฅt rแปng rรฃi vร thoแบฃi mรกi vแบญy mร side XL cแปงa Shop nรy mแบทc chแบญt cแปฉng nhฦฐ side L hoแบทc side M vแบญy, ฤรnh phแบฃi tรฌm ngฦฐแปi ฤแป cho vแบญy. mua cho mรฌnh mร khรดng ฤฦฐแปฃc mแบทc nรชn thแบฅt vแปng"
1,Rแบฅt khรดng hรi lรฒng,"Hรng ko nhฦฐ hรฌnh, nhฦฐ รกo cลฉ vแบญy, lแบกi cรฒn bแป vแบฟt phai nแปฏa, size XXL lแบกi lแบฅy bรบt viรชt XL, mรฌnh ngแบกi giแปญi ฤi giแปญi lแบกi mร ฤรฃ thanh toรกn trฦฐแปc nรชn chแบฅp nhแบญn vแปฉt ฤi"
4,Hรi lรฒng,"Tรดi mua 2 รกo xanh ฤen vร vรng  sezi 2x nhฦฐng รกo mรu vรng nhแป hฦกn รกo mรu xanh 4phรขn mแบทt khรดng vแปซa tรดi cรณ thแป ฤแปi รกo to mรu gรฌ cลฉng ฤฦฐแปฃc tรดi bรน thรชm tiแปn cรณ ฤฦฐแปฃc khรดng mแบซu , chแบฅt liแปu thรฌ ok"
5,Cแปฑc kรฌ hรi lรฒng,"รกo ฤฦฐแปฃc vแบฃi ฤแบนp, mua size chแปn nhฦฐ size cแปงa shop lร ฤรบng y แบก, ฤแปc bรฌnh luแบญn phรญa dฦฐแปi mua  rแปng hฦกn 1 size nรชn mแบทc hฦกi rแปng. nรชn mua nhฦฐ size shop thรฌ vแปซa y"
4,Hรi lรฒng,Chแบฅt thun thรฌ Ok ! Mแบซu cลฉng Ok ! Cรณ diแปu mua thรฌ phแบฃi lแปn hฦกn hai cแปก! Mแบทc mรนa mฦฐa thรฌ hแปฃp ! Mรนa hรจ nรณng!
5,Tแปt,"Vแบฃi dรy ,form tฦฐฦกng ฤแปi ฤแบนp ,nhฦฐng mแปi ngฦฐแปi ai muแปn mแบทc thoแบฃi mรกi nรชn mua to hฦกn 1 size do รกo khรก รดm ."
2,Khรดng hรi lรฒng,mรฌnh cแป mua size XL lแปn hฦกn 1 cแปก thฦฐแปng mแบทc (L). Mร vแบซn thแบฅy chแบญt nhฦฐ size M.
5,Cแปฑc kรฌ hรi lรฒng,"ฤฦฐแปng chแป may gแปn gรng. vแบฃi dรy .  
Nhรขn viรชn Tiki rแบฅt chuyรชn nghiแปp , rแบฅt vui vแบป ."
1,Rแบฅt khรดng hรi lรฒng,"xแบฅu: ฤฦฐแปng chแป k cแบฏt,cแบกp lแปch, chแปฏ dรกn 
giรก 180k:3 xแปฉng ฤรกng 60k/ 1รกo"
